causa,nombre_simple
"264ALMACENAMIENTO,TRANSPORTE,ENVASADO,COMERCIALIZACIÓNODISTRIBUCIÓNILEGALDEPRODUCTOSDERIVADOSDEHIDROCARBUROS,GASLICUADODEPETRÓLEOOBIOCOMBUSTIBLES","264ALMACENAMIENTO,TRANSPORTE,ENVASADO,COMERCIALIZACIÓNODISTRIBUCIÓNILEGALDEPRODUCTOSDERIVADOSDEHIDROCARBUROS,GASLICUADODEPETRÓLEOOBIOCOMBUSTIBLES"
250.3 ABANDONO DE ANIMALES DE COMPAÑÍA,ABANDONO DE ANIMALES DE COMPAÑÍA
"153 ABANDONO DE PERSONAS, INC.1","ABANDONO DE PERSONAS, INC.1"
ABANDONO DEL HOGAR,ABANDONO DEL HOGAR
"199 ABIGEATO, INC.1","ABIGEATO, INC.1"
"199 ABIGEATO, INC.3","ABIGEATO, INC.3"
147 ABORTO CON MUERTE,ABORTO CON MUERTE
"149 ABORTO CONSENTIDO, INC.2","ABORTO CONSENTIDO, INC.2"
148 ABORTO NO CONSENTIDO,ABORTO NO CONSENTIDO
148 ABORTO NO CONSENTIDO (TENTATIVA),ABORTO NO CONSENTIDO (TENTATIVA)
359 ABUSO DE ARMA DE FUEGO,ABUSO DE ARMA DE FUEGO
ABUSO DE CONFIANZA,ABUSO DE CONFIANZA
"187 ABUSO DE CONFIANZA, INC.1","ABUSO DE CONFIANZA, INC.1"
"187 ABUSO DE CONFIANZA, INC.2","ABUSO DE CONFIANZA, INC.2"
"294 ABUSO DE FACULTADES, NUM. 1","ABUSO DE FACULTADES, NUM. 1"
"294 ABUSO DE FACULTADES, NUM. 2","ABUSO DE FACULTADES, NUM. 2"
"234 ACCESO NO CONSENTIDO A UN SISTEMA INFORMÁTICO, TELEMÁTICO O DE TELECOMUNICACIONES","ACCESO NO CONSENTIDO A UN SISTEMA INFORMÁTICO, TELEMÁTICO O DE TELECOMUNICACIONES"
ACCIDENTE DE TRÁNSITO CON LESIONES,ACCIDENTE DE TRÁNSITO CON LESIONES
ACCIDENTE DE TRÁNSITO CON MUERTE,ACCIDENTE DE TRÁNSITO CON MUERTE
ACCION DE PROTECCION,ACCION DE PROTECCION
ACCION DE PROTECCION CON MEDIDA CAUTELAR,ACCION DE PROTECCION CON MEDIDA CAUTELAR
ACCION JUDICIAL DE PROTECCION,ACCION JUDICIAL DE PROTECCION
ACCIONES COLUSORIAS,ACCIONES COLUSORIAS
ACCIONES COLUSORIAS ,ACCIONES COLUSORIAS 
225 ACCIONES DE MALA FE PARA INVOLUCRAR EN DELITOS.,ACCIONES DE MALA FE PARA INVOLUCRAR EN DELITOS.
ACCIÓN DE ACCESO A LA INFORMACIÓN PÚBLICA,ACCIÓN DE ACCESO A LA INFORMACIÓN PÚBLICA
ACCIÓN DE DEPORTACIÓN,ACCIÓN DE DEPORTACIÓN
ACCIÓN DE HÁBEAS CORPUS,ACCIÓN DE HÁBEAS CORPUS
ACCIÓN DE HÁBEAS DATA,ACCIÓN DE HÁBEAS DATA
ACCIÓN DE PETICIÓN DE HERENCIA,ACCIÓN DE PETICIÓN DE HERENCIA
ACCIÓN DE PROTECCIÓN,ACCIÓN DE PROTECCIÓN
ACCIÓN DE PROTECCIÓN CON MEDIDA CAUTELAR,ACCIÓN DE PROTECCIÓN CON MEDIDA CAUTELAR
ACCIÓN DE RECUPERACIÓN DE LA POSESIÓN,ACCIÓN DE RECUPERACIÓN DE LA POSESIÓN
ACCIÓN EXTRAORDINARIA DE PROTECCIÓN,ACCIÓN EXTRAORDINARIA DE PROTECCIÓN
ACCIÓN EXTRAORDINARIA DE PROTECCIÓN CONTRA DECISIONES DE LA JUSTICIA INDIGENA,ACCIÓN EXTRAORDINARIA DE PROTECCIÓN CONTRA DECISIONES DE LA JUSTICIA INDIGENA
ACCIÓN PAULIANA,ACCIÓN PAULIANA
ACCIÓN POR DESPIDO INEFICAZ,ACCIÓN POR DESPIDO INEFICAZ
ACCIÓN POR INCUMPLIMIENTO,ACCIÓN POR INCUMPLIMIENTO
ACTAS DE TRANSACCIÓN U OTRAS QUE CONTENGAN OBLIGACIÓN DE DAR O HACER,ACTAS DE TRANSACCIÓN U OTRAS QUE CONTENGAN OBLIGACIÓN DE DAR O HACER
260 ACTIVIDAD ILÍCITA DE RECURSOS MINEROS,ACTIVIDAD ILÍCITA DE RECURSOS MINEROS
"260 ACTIVIDAD ILÍCITA DE RECURSOS MINEROS, INC.SEGUNDO","ACTIVIDAD ILÍCITA DE RECURSOS MINEROS, INC.SEGUNDO"
"177 ACTOS DE ODIO, INC.1","ACTOS DE ODIO, INC.1"
"177 ACTOS DE ODIO, INC.2","ACTOS DE ODIO, INC.2"
321 ACTOS ILEGALES TENDIENTES AL ALZA DE PRECIOS DE PRODUCTOS SUJETOS A PRECIO OFICIAL,ACTOS ILEGALES TENDIENTES AL ALZA DE PRECIOS DE PRODUCTOS SUJETOS A PRECIO OFICIAL
ACUERDO REPARATORIO,ACUERDO REPARATORIO
271 ACUSACIÓN O DENUNCIA MALICIOSA,ACUSACIÓN O DENUNCIA MALICIOSA
ADOPCIÓN,ADOPCIÓN
ADOPCIÓN INTERNACIÓNAL CON OPOSICIÓN,ADOPCIÓN INTERNACIÓNAL CON OPOSICIÓN
"142 AGRAVANTES DEL FEMICIDIO, INC.1, NUM. 3","AGRAVANTES DEL FEMICIDIO, INC.1, NUM. 3"
088 AGRESIÓN,AGRESIÓN
088 AGRESIÓN ,AGRESIÓN 
AL CONDUCTOR DE TRANSPORTE PÚBLICO COMERCIAL Y CUENTA PROPIA QUE REALIZA EL SERVICIO DE TRANSPORTE DE PASAJEROS Y CARGA CUYO VEHÍCULO NO PORTE LAS FRANJAS RETRO REFLECTIVAS ESTABLECIDAS EN EL REGLAMENTO,AL CONDUCTOR DE TRANSPORTE PÚBLICO COMERCIAL Y CUENTA PROPIA QUE REALIZA EL SERVICIO DE TRANSPORTE DE PASAJEROS Y CARGA CUYO VEHÍCULO NO PORTE LAS FRANJAS RETRO REFLECTIVAS ESTABLECIDAS EN EL REGLAMENTO
ALEGACIÓN DE DOMINIO EN EL JUICIO DE INVENTARIO,ALEGACIÓN DE DOMINIO EN EL JUICIO DE INVENTARIO
ALIMENTOS,ALIMENTOS
ALIMENTOS A MUJER EMBARAZADA,ALIMENTOS A MUJER EMBARAZADA
ALIMENTOS A OBLIGADOS SUBSIDIARIOS,ALIMENTOS A OBLIGADOS SUBSIDIARIOS
ALIMENTOS CON PRESUNCIÓN DE PATERNIDAD,ALIMENTOS CON PRESUNCIÓN DE PATERNIDAD
ALIMENTOS CONGRUOS,ALIMENTOS CONGRUOS
"264 ALMACENAMIENTO, TRANSPORTE, ENVASADO, COMERCIALIZACIÓN O DISTRIBUCIÓN ILEGAL O MAL USO DE PRODUCTOS DERIVADOS DE HIDROCARBUROS, GAS LICUADO DE PETRÓLEO O BIOCOMBUSTIBLES","ALMACENAMIENTO, TRANSPORTE, ENVASADO, COMERCIALIZACIÓN O DISTRIBUCIÓN ILEGAL O MAL USO DE PRODUCTOS DERIVADOS DE HIDROCARBUROS, GAS LICUADO DE PETRÓLEO O BIOCOMBUSTIBLES"
"264 ALMACENAMIENTO, TRANSPORTE, ENVASADO, COMERCIALIZACIÓN O DISTRIBUCIÓN ILEGAL O MAL USO DE PRODUCTOS DERIVADOS DE HIDROCARBUROS, GAS LICUADO DE PETRÓLEO O BIOCOMBUSTIBLES,INC.FINAL","ALMACENAMIENTO, TRANSPORTE, ENVASADO, COMERCIALIZACIÓN O DISTRIBUCIÓN ILEGAL O MAL USO DE PRODUCTOS DERIVADOS DE HIDROCARBUROS, GAS LICUADO DE PETRÓLEO O BIOCOMBUSTIBLES,INC.FINAL"
27001454-292 ALTERACIÓN DE EVIDENCIAS Y ELEMENTOS DE PRUEBA,ALTERACIÓN DE EVIDENCIAS Y ELEMENTOS DE PRUEBA
292 ALTERACIÓN DE EVIDENCIAS Y ELEMENTOS DE PRUEBA,ALTERACIÓN DE EVIDENCIAS Y ELEMENTOS DE PRUEBA
AMPARO POSESORIO,AMPARO POSESORIO
APELACIÓN,APELACIÓN
APERTURA DE CAJA O CASILLEROS DE SEGURIDAD,APERTURA DE CAJA O CASILLEROS DE SEGURIDAD
APERTURA DE CAJA O CASILLEROS DE SEGURIDAD ,APERTURA DE CAJA O CASILLEROS DE SEGURIDAD 
APERTURA DE CASILLERO DE SEGURIDAD,APERTURA DE CASILLERO DE SEGURIDAD
APERTURA DE LA SUCESIÓN HEREDITARIA,APERTURA DE LA SUCESIÓN HEREDITARIA
APERTURA DE LA SUCESIÓN HEREDITARIA CON OPOSICIÓN,APERTURA DE LA SUCESIÓN HEREDITARIA CON OPOSICIÓN
APLICACIÓN DEL PRINCIPIO DE OPORTUNIDAD,APLICACIÓN DEL PRINCIPIO DE OPORTUNIDAD
APREHENSIÓN Y ENTREGA,APREHENSIÓN Y ENTREGA
APROBACIÓN DE ACTA DE MEDIACIÓN CON OPOSICIÓN,APROBACIÓN DE ACTA DE MEDIACIÓN CON OPOSICIÓN
"190 APROPIACIÓN FRAUDULENTA POR MEDIOS ELECTRÓNICOS, INC.1","APROPIACIÓN FRAUDULENTA POR MEDIOS ELECTRÓNICOS, INC.1"
"190 APROPIACIÓN FRAUDULENTA POR MEDIOS ELECTRÓNICOS, INC.2","APROPIACIÓN FRAUDULENTA POR MEDIOS ELECTRÓNICOS, INC.2"
"188 APROVECHAMIENTO ILÍCITO DE SERVICIOS PÚBLICOS, INC.1","APROVECHAMIENTO ILÍCITO DE SERVICIOS PÚBLICOS, INC.1"
"APROVECHARSE DOLOSAMENTE DE LA EDAD, SALUD, INSTRUCCIÓN O CAPACIDAD DEL CONSUMIDOR","APROVECHARSE DOLOSAMENTE DE LA EDAD, SALUD, INSTRUCCIÓN O CAPACIDAD DEL CONSUMIDOR"
APTITUD PARA LA ADOPTABILIDAD,APTITUD PARA LA ADOPTABILIDAD
"AQUELLAS EN QUE POR SU NATURALEZA O POR RAZON DEL ESTADO DE LAS COSAS, SE RESUELVAN SIN CONTRADICCION  ART.334","AQUELLAS EN QUE POR SU NATURALEZA O POR RAZON DEL ESTADO DE LAS COSAS, SE RESUELVAN SIN CONTRADICCION  ART.334"
ARCHIVO DE LA INVESTIGACIÓN PREVIA ART. 586,ARCHIVO DE LA INVESTIGACIÓN PREVIA ART. 586
ARCHIVO DEFINITIVO,ARCHIVO DEFINITIVO
ARCHIVO PROVISIONAL,ARCHIVO PROVISIONAL
"361 ARMAS DE FUEGO, MUNICIONES Y EXPLOSIVOS NO AUTORIZADOS","ARMAS DE FUEGO, MUNICIONES Y EXPLOSIVOS NO AUTORIZADOS"
"ART. 1.1, ART. 230 # 3 COFJ.- OTORGAR  PRELIBERTAD","ART. 1.1, ART. 230 # 3 COFJ.- OTORGAR  PRELIBERTAD"
ART. 142 COFJ EJECUCIÓN DE SENTENCIA (JUEZ DE PRIMER NIVEL),ART. 142 COFJ EJECUCIÓN DE SENTENCIA (JUEZ DE PRIMER NIVEL)
ART. 142 EJECUCIÓN DE SENTENCIA (JUEZ DE PRIMER NIVEL),ART. 142 EJECUCIÓN DE SENTENCIA (JUEZ DE PRIMER NIVEL)
ART. 230 # 10 COFJ EJECUCIÓN DE REVOCATORIA DE PRELIBERTAD,ART. 230 # 10 COFJ EJECUCIÓN DE REVOCATORIA DE PRELIBERTAD
ART. 230 # 10 COFJ-ART. 632 COIP- CONTROL DE CUMPLIMIENTO DE LA SUSPENSIÓN CONDICIONAL DE LA PENA,ART. 230 # 10 COFJ-ART. 632 COIP- CONTROL DE CUMPLIMIENTO DE LA SUSPENSIÓN CONDICIONAL DE LA PENA
ART. 230 # 2 COFJ-ART. 668 COIP- APELACIÓN DE DECISIÓN DE TRASLADO,ART. 230 # 2 COFJ-ART. 668 COIP- APELACIÓN DE DECISIÓN DE TRASLADO
ART. 230 # 2 COFJ-ART. 726 # 4 COIP- IMPUGNACIÓN DE SANCIONES DISCIPLINARIAS,ART. 230 # 2 COFJ-ART. 726 # 4 COIP- IMPUGNACIÓN DE SANCIONES DISCIPLINARIAS
ART. 230 # 3 COFJ RÉGIMEN ABIERTO,ART. 230 # 3 COFJ RÉGIMEN ABIERTO
ART. 230 # 3 COFJ RÉGIMEN SEMIABIERTO,ART. 230 # 3 COFJ RÉGIMEN SEMIABIERTO
ART. 230 # 4 COFJ EXCARCELACIÓN POR CUMPLIMIENTO DE LA PENA,ART. 230 # 4 COFJ EXCARCELACIÓN POR CUMPLIMIENTO DE LA PENA
ART. 230 # 5 COFJ PRESCRIPCIÓN DE LAS PENAS,ART. 230 # 5 COFJ PRESCRIPCIÓN DE LAS PENAS
ART. 230 # 5 COFJ UNIFICACIÓN DE LAS PENAS,ART. 230 # 5 COFJ UNIFICACIÓN DE LAS PENAS
ART. 230 # 6 CONTROLAR EL CUMPLIMIENTO Y LA EJECUCIÓN DEL INDULTO PRESIDENCIAL (DECRETO EJECUTIVO N. 1440),ART. 230 # 6 CONTROLAR EL CUMPLIMIENTO Y LA EJECUCIÓN DEL INDULTO PRESIDENCIAL (DECRETO EJECUTIVO N. 1440)
ART. 230 # 6 CONTROLAR EL CUMPLIMIENTO Y LA EJECUCIÓN DEL INDULTO PRESIDENCIAL O PARLAMENTARIO,ART. 230 # 6 CONTROLAR EL CUMPLIMIENTO Y LA EJECUCIÓN DEL INDULTO PRESIDENCIAL O PARLAMENTARIO
ART. 230 # 9 COFJ EXTINCIÓN DEL DELITO,ART. 230 # 9 COFJ EXTINCIÓN DEL DELITO
ART. 230 # 9 COFJ REBAJA DE PENA POR LEY MAS BENIGNA,ART. 230 # 9 COFJ REBAJA DE PENA POR LEY MAS BENIGNA
ART. 667 COIP COMPUTO DE LA PENA,ART. 667 COIP COMPUTO DE LA PENA
ART. 669 COIP VIGILANCIA Y CONTROL,ART. 669 COIP VIGILANCIA Y CONTROL
ART. 70 # 3 COIP EXTINCIÓN DE LA PENA,ART. 70 # 3 COIP EXTINCIÓN DE LA PENA
ART. 728 # 1COIP EJECUCIÓN DE REPATRIACIÓN,ART. 728 # 1COIP EJECUCIÓN DE REPATRIACIÓN
ART. 730 COIP EXONERACIÓN DE MULTAS EN CASO DE REPATRIACIÓN,ART. 730 COIP EXONERACIÓN DE MULTAS EN CASO DE REPATRIACIÓN
140 ASESINATO,ASESINATO
27001099-140 ASESINATO,ASESINATO
ASESINATO,ASESINATO
140 ASESINATO (TENTATIVA),ASESINATO (TENTATIVA)
"140 ASESINATO , INC.1, NUM. 1","ASESINATO , INC.1, NUM. 1"
"140 ASESINATO, INC.1, NUM. 10","ASESINATO, INC.1, NUM. 10"
"140 ASESINATO, INC.1, NUM. 2","ASESINATO, INC.1, NUM. 2"
"140 ASESINATO, INC.1, NUM. 3","ASESINATO, INC.1, NUM. 3"
"140 ASESINATO, INC.1, NUM. 4","ASESINATO, INC.1, NUM. 4"
"140 ASESINATO, INC.1, NUM. 5","ASESINATO, INC.1, NUM. 5"
"140 ASESINATO, INC.1, NUM. 6","ASESINATO, INC.1, NUM. 6"
"140 ASESINATO, INC.1, NUM. 7","ASESINATO, INC.1, NUM. 7"
"140 ASESINATO, INC.1, NUM. 8","ASESINATO, INC.1, NUM. 8"
"140 ASESINATO, INC.1, NUM. 9","ASESINATO, INC.1, NUM. 9"
370 ASOCIACIÓN ILÍCITA,ASOCIACIÓN ILÍCITA
ASUNTOS DE COMERCIO QUE NO TIENEN TRÁMITE ESPECIAL,ASUNTOS DE COMERCIO QUE NO TIENEN TRÁMITE ESPECIAL
232 ATAQUE A LA INTEGRIDAD DE SISTEMAS INFORMÁTICOS - INC.FINAL,ATAQUE A LA INTEGRIDAD DE SISTEMAS INFORMÁTICOS - INC.FINAL
27001439-283 ATAQUE O RESISTENCIA,ATAQUE O RESISTENCIA
283 ATAQUE O RESISTENCIA,ATAQUE O RESISTENCIA
"27001435-283 ATAQUE O RESISTENCIA, INC.1","ATAQUE O RESISTENCIA, INC.1"
"283 ATAQUE O RESISTENCIA, INC.1","ATAQUE O RESISTENCIA, INC.1"
"283 ATAQUE O RESISTENCIA, INC.2","ATAQUE O RESISTENCIA, INC.2"
"283 ATAQUE O RESISTENCIA, INC.3","ATAQUE O RESISTENCIA, INC.3"
"283 ATAQUE O RESISTENCIA, INC.FINAL","ATAQUE O RESISTENCIA, INC.FINAL"
116 ATENTADO A LA INTEGRIDAD SEXUAL Y REPRODUCTIVA DE PERSONA PROTEGIDA,ATENTADO A LA INTEGRIDAD SEXUAL Y REPRODUCTIVA DE PERSONA PROTEGIDA
AUMENTO DE PENSIÓN ALIMENTICIA,AUMENTO DE PENSIÓN ALIMENTICIA
AUTORIZACION DE TUTELA O CURADURIA PARA SEGUNDAS NUPCIAS,AUTORIZACION DE TUTELA O CURADURIA PARA SEGUNDAS NUPCIAS
AUTORIZACIONES O INSCRIPCIONES,AUTORIZACIONES O INSCRIPCIONES
AUTORIZACIÓN DE HIPOTECA DE BIEN DE MENOR,AUTORIZACIÓN DE HIPOTECA DE BIEN DE MENOR
AUTORIZACIÓN DE SALIDA DEL PAÍS,AUTORIZACIÓN DE SALIDA DEL PAÍS
AUTORIZACIÓN DE SALIDA DEL PAÍS CON OPOSICIÓN,AUTORIZACIÓN DE SALIDA DEL PAÍS CON OPOSICIÓN
AUTORIZACIÓN DE TUTELA O CURADURÍA PARA SEGUNDAS NUPCIAS,AUTORIZACIÓN DE TUTELA O CURADURÍA PARA SEGUNDAS NUPCIAS
AUTORIZACIÓN DE VENTA DE BIEN DE INTERDICTO,AUTORIZACIÓN DE VENTA DE BIEN DE INTERDICTO
AUTORIZACIÓN DE VENTA DE BIEN DE MENOR,AUTORIZACIÓN DE VENTA DE BIEN DE MENOR
AUTORIZACIÓN DE VENTA DE BIEN DE MENOR DE EDAD,AUTORIZACIÓN DE VENTA DE BIEN DE MENOR DE EDAD
AUTORIZACIÓN DE VENTA DE BIEN DE MENOR DE EDAD CON OPOSICIÓN,AUTORIZACIÓN DE VENTA DE BIEN DE MENOR DE EDAD CON OPOSICIÓN
"AUTORIZACIÓN DE VENTA DE BIENES DE NIÑAS, NIÑOS Y ADOLESCENTES Y, DE PERSONAS SOMETIDAS A GUARDA","AUTORIZACIÓN DE VENTA DE BIENES DE NIÑAS, NIÑOS Y ADOLESCENTES Y, DE PERSONAS SOMETIDAS A GUARDA"
AUTORIZACIÓN JUDICIAL,AUTORIZACIÓN JUDICIAL
AUTORIZACIÓN JUDICIAL O LICENCIA ART. 334 COGEP,AUTORIZACIÓN JUDICIAL O LICENCIA ART. 334 COGEP
AUTORIZACIÓN JUDICIAL PARA CONTRAER SEGUNDAS Y ULTERIORES NUPCIAS,AUTORIZACIÓN JUDICIAL PARA CONTRAER SEGUNDAS Y ULTERIORES NUPCIAS
AUTORIZACIÓN JUDICIAL PARA LA CONSTITUCIÓN DE PATRIMONIO FAMILIAR,AUTORIZACIÓN JUDICIAL PARA LA CONSTITUCIÓN DE PATRIMONIO FAMILIAR
AUTORIZACIÓN PARA CONTRAER SEGUNDAS NUPCIAS,AUTORIZACIÓN PARA CONTRAER SEGUNDAS NUPCIAS
AUTORIZACIÓN PARA INSCRIPCIÓN DE ESCRITURA,AUTORIZACIÓN PARA INSCRIPCIÓN DE ESCRITURA
AUTORIZACIÓN PARA INSCRIPCIÓN DE ESCRITURA CON OPOSICIÓN,AUTORIZACIÓN PARA INSCRIPCIÓN DE ESCRITURA CON OPOSICIÓN
CADUCIDAD DEL DERECHO DE ALIMENTOS POR ACTA DE MEDIACIÓN,CADUCIDAD DEL DERECHO DE ALIMENTOS POR ACTA DE MEDIACIÓN
182 CALUMNIA,CALUMNIA
CANCELACIÓN DE HIPOTECA,CANCELACIÓN DE HIPOTECA
CANCELACIÓN DE PATROMONIO FAMILIAR,CANCELACIÓN DE PATROMONIO FAMILIAR
CANONES DE ARRENDAMIENTO IMPAGOS,CANONES DE ARRENDAMIENTO IMPAGOS
"323 CAPTACIÓN ILEGAL DE DINERO, INC.1","CAPTACIÓN ILEGAL DE DINERO, INC.1"
"323 CAPTACIÓN ILEGAL DE DINERO, INC.2","CAPTACIÓN ILEGAL DE DINERO, INC.2"
"236 CASINOS, SALAS DE JUEGO, CASAS DE APUESTAS O NEGOCIOS DEDICADOS A LA REALIZACIÓN DE JUEGOS DE AZAR","CASINOS, SALAS DE JUEGO, CASAS DE APUESTAS O NEGOCIOS DEDICADOS A LA REALIZACIÓN DE JUEGOS DE AZAR"
"236 CASINOS, SALAS DE JUEGO, CASAS DE APUESTAS O NEGOCIOS DEDICADOS A LA REALIZACIÓN DE JUEGOS DE AZAR - INC.SEGUNDO","CASINOS, SALAS DE JUEGO, CASAS DE APUESTAS O NEGOCIOS DEDICADOS A LA REALIZACIÓN DE JUEGOS DE AZAR - INC.SEGUNDO"
CERTIFICACIÓN EXPEDIDA POR ADMINISTRADOR DE ASOCIACIÓN,CERTIFICACIÓN EXPEDIDA POR ADMINISTRADOR DE ASOCIACIÓN
CERTIFICACIÓN EXPEDIDA POR ADMINISTRADOR DE CLUB,CERTIFICACIÓN EXPEDIDA POR ADMINISTRADOR DE CLUB
CERTIFICACIÓN EXPEDIDA POR ADMINISTRADOR DEL CONDOMINIO,CERTIFICACIÓN EXPEDIDA POR ADMINISTRADOR DEL CONDOMINIO
CERTIFICACIÓN EXPEDIDA POR ADMINISTRADOR ESTABLECIMIENTO EDUCATIVO,CERTIFICACIÓN EXPEDIDA POR ADMINISTRADOR ESTABLECIMIENTO EDUCATIVO
CERTIFICACIÓN EXPEDIDA POR ADMINISTRADOR OTRAS ORGANIZACIONES,CERTIFICACIÓN EXPEDIDA POR ADMINISTRADOR OTRAS ORGANIZACIONES
CERTIFICACIÓN EXPEDIDA POR ADMNISTRADOR DE ASOCIACIÓN,CERTIFICACIÓN EXPEDIDA POR ADMNISTRADOR DE ASOCIACIÓN
CERTIFICACIÓN EXPEDIDA POR ADMNISTRADOR DEL CONDOMINIO,CERTIFICACIÓN EXPEDIDA POR ADMNISTRADOR DEL CONDOMINIO
CERTIFICACIÓN EXPEDIDA POR ADMNISTRADOR ESTABLECIMIENTO EDUCATIVO,CERTIFICACIÓN EXPEDIDA POR ADMNISTRADOR ESTABLECIMIENTO EDUCATIVO
CERTIFICACIÓN EXPEDIDA POR ADMNISTRADOR OTRAS ORGANIZACIONES,CERTIFICACIÓN EXPEDIDA POR ADMNISTRADOR OTRAS ORGANIZACIONES
CESION DE TENENCIA,CESION DE TENENCIA
CESIÓN DE LA PATRIA POTESTAD,CESIÓN DE LA PATRIA POTESTAD
CHEQUE PRESENTADO AL COBRO FUERA DE PLAZO,CHEQUE PRESENTADO AL COBRO FUERA DE PLAZO
COBRO DE CHEQUE,COBRO DE CHEQUE
COBRO DE CHEQUE PROTESTADO,COBRO DE CHEQUE PROTESTADO
COBRO DE CRÉDITO EN CUENTA CORRIENTE,COBRO DE CRÉDITO EN CUENTA CORRIENTE
COBRO DE DINERO,COBRO DE DINERO
COBRO DE FACTURAS,COBRO DE FACTURAS
"COBRO DE FACTURAS POR BIENES Y SERVICIOS, HONORARIOS PROFESIONALES CUANDO LA PRETENSIÓN NO SEA EXIGIBLE EN PROCEDIMIENTO MONITORIO O EN VIA EJECUTIVA","COBRO DE FACTURAS POR BIENES Y SERVICIOS, HONORARIOS PROFESIONALES CUANDO LA PRETENSIÓN NO SEA EXIGIBLE EN PROCEDIMIENTO MONITORIO O EN VIA EJECUTIVA"
COBRO DE HONORARIOS DE ABOGADO,COBRO DE HONORARIOS DE ABOGADO
COBRO DE HONORARIOS PROFESIONALES CUANDO LA PRETENSIÓN NO SEA EXIGIBLE EN PROCEDIMIENTO MONITORIO O EN VIA EJECUTIVA,COBRO DE HONORARIOS PROFESIONALES CUANDO LA PRETENSIÓN NO SEA EXIGIBLE EN PROCEDIMIENTO MONITORIO O EN VIA EJECUTIVA
COBRO DE LETRA DE CAMBIO,COBRO DE LETRA DE CAMBIO
COBRO DE OBLIGACIONES PROVENIENTES DE TARJETAS DE CRÉDITO,COBRO DE OBLIGACIONES PROVENIENTES DE TARJETAS DE CRÉDITO
COBRO DE PAGARÉ A LA ORDEN,COBRO DE PAGARÉ A LA ORDEN
COBRO DURANTE LA SUSPENSIÓN DEL SERVICIO,COBRO DURANTE LA SUSPENSIÓN DEL SERVICIO
280 COHECHO,COHECHO
"280 COHECHO, INC.FINAL","COHECHO, INC.FINAL"
COLOCAR EN EL MERCADO PRODUCTOS U OFERTAR LA PRESATACIÓN DE SERVICIOS QUE NO CUMPLEN NORMAS,COLOCAR EN EL MERCADO PRODUCTOS U OFERTAR LA PRESATACIÓN DE SERVICIOS QUE NO CUMPLEN NORMAS
"104 COMERCIALIZACIÓN DE PORNOGRAFÍA CON UTILIZACIÓN DE NIÑAS, NIÑOS O ADOLESCENTES","COMERCIALIZACIÓN DE PORNOGRAFÍA CON UTILIZACIÓN DE NIÑAS, NIÑOS O ADOLESCENTES"
194 COMERCIALIZACIÓN ILÍCITA DE TERMINALES MÓVILES,COMERCIALIZACIÓN ILÍCITA DE TERMINALES MÓVILES
"217 COMERCIALIZACIÓN, DISTRIBUCIÓN, IMPORTACIÓN, ALMACENAMIENTO Y DISPENSACIÓN DE MEDICAMENTOS, DISPOSITIVOS MÉDICOS Y PRODUCTOS DE USO Y CONSUMO HUMANO CADUCADOS, INC.2","COMERCIALIZACIÓN, DISTRIBUCIÓN, IMPORTACIÓN, ALMACENAMIENTO Y DISPENSACIÓN DE MEDICAMENTOS, DISPOSITIVOS MÉDICOS Y PRODUCTOS DE USO Y CONSUMO HUMANO CADUCADOS, INC.2"
"217 COMERCIALIZACIÓN, DISTRIBUCIÓN, IMPORTACIÓN, ALMACENAMIENTO Y DISPENSACIÓN DE MEDICAMENTOS, DISPOSITIVOS MÉDICOS Y PRODUCTOS DE USO Y CONSUMO HUMANO CADUCADOS, INC.4","COMERCIALIZACIÓN, DISTRIBUCIÓN, IMPORTACIÓN, ALMACENAMIENTO Y DISPENSACIÓN DE MEDICAMENTOS, DISPOSITIVOS MÉDICOS Y PRODUCTOS DE USO Y CONSUMO HUMANO CADUCADOS, INC.4"
COMISIÓN,COMISIÓN
COMPROBANTE DE PAGO PARCIAL CON EFECTOS DE CHEQUE PROTESTADO,COMPROBANTE DE PAGO PARCIAL CON EFECTOS DE CHEQUE PROTESTADO
CONCURSO DE ACREEDORES,CONCURSO DE ACREEDORES
281 CONCUSIÓN,CONCUSIÓN
"281 CONCUSIÓN, INC.FINAL","CONCUSIÓN, INC.FINAL"
"384 CONDUCCIÓN DE VEHÍCULO BAJO EFECTO DE SUSTANCIAS ESTUPEFACIENTES, PSICOTRÓPICAS O PREPARADOS QUE LAS CONTENGAN","CONDUCCIÓN DE VEHÍCULO BAJO EFECTO DE SUSTANCIAS ESTUPEFACIENTES, PSICOTRÓPICAS O PREPARADOS QUE LAS CONTENGAN"
"383 CONDUCCIÓN DE VEHÍCULO CON LLANTAS EN MAL ESTADO, INC.1","CONDUCCIÓN DE VEHÍCULO CON LLANTAS EN MAL ESTADO, INC.1"
"383 CONDUCCIÓN DE VEHÍCULO CON LLANTAS EN MAL ESTADO, INC.2","CONDUCCIÓN DE VEHÍCULO CON LLANTAS EN MAL ESTADO, INC.2"
"385 CONDUCCIÓN DE VEHÍCULO EN ESTADO DE EMBRIAGUEZ, INC.2","CONDUCCIÓN DE VEHÍCULO EN ESTADO DE EMBRIAGUEZ, INC.2"
"385 CONDUCCIÓN DE VEHÍCULO EN ESTADO DE EMBRIAGUEZ, NUM. 1","CONDUCCIÓN DE VEHÍCULO EN ESTADO DE EMBRIAGUEZ, NUM. 1"
"385 CONDUCCIÓN DE VEHÍCULO EN ESTADO DE EMBRIAGUEZ, NUM. 2","CONDUCCIÓN DE VEHÍCULO EN ESTADO DE EMBRIAGUEZ, NUM. 2"
"385 CONDUCCIÓN DE VEHÍCULO EN ESTADO DE EMBRIAGUEZ, NUM. 3","CONDUCCIÓN DE VEHÍCULO EN ESTADO DE EMBRIAGUEZ, NUM. 3"
CONFERIMIENTO DE LA PATRIA POTESTAD,CONFERIMIENTO DE LA PATRIA POTESTAD
CONFESIÓN JUDICIAL,CONFESIÓN JUDICIAL
CONFLICTO DE COMPETENCIA,CONFLICTO DE COMPETENCIA
CONSENTIMIENTO PARA LA ADOPCIÓN,CONSENTIMIENTO PARA LA ADOPCIÓN
CONSIGNACIÓN,CONSIGNACIÓN
CONSIGNACIÓN DE LLAVES,CONSIGNACIÓN DE LLAVES
CONSIGNACIÓN VOLUNTARIA DE ALIMENTOS,CONSIGNACIÓN VOLUNTARIA DE ALIMENTOS
CONSIGNACIÓN VOLUNTARIA DE ALIMENTOS CON OPOSICIÓN,CONSIGNACIÓN VOLUNTARIA DE ALIMENTOS CON OPOSICIÓN
CONSTANCIA DE PERDIDA DE DOCUMENTOS,CONSTANCIA DE PERDIDA DE DOCUMENTOS
CONSTITUCIÓN DE PATRIMONIO FAMILIAR,CONSTITUCIÓN DE PATRIMONIO FAMILIAR
CONSULTA,CONSULTA
216 CONTAMINACIÓN DE SUSTANCIAS DESTINADAS AL CONSUMO HUMANO,CONTAMINACIÓN DE SUSTANCIAS DESTINADAS AL CONSUMO HUMANO
"216 CONTAMINACIÓN DE SUSTANCIAS DESTINADAS AL CONSUMO HUMANO , INC.2","CONTAMINACIÓN DE SUSTANCIAS DESTINADAS AL CONSUMO HUMANO , INC.2"
216 CONTAMINACIÓN DE SUSTANCIAS DESTINADAS AL CONSUMO HUMANO - INC.FINAL,CONTAMINACIÓN DE SUSTANCIAS DESTINADAS AL CONSUMO HUMANO - INC.FINAL
"301 CONTRABANDO, NUM. 1","CONTRABANDO, NUM. 1"
"301 CONTRABANDO, NUM. 2","CONTRABANDO, NUM. 2"
"301 CONTRABANDO, NUM. 3","CONTRABANDO, NUM. 3"
"301 CONTRABANDO, NUM. 6","CONTRABANDO, NUM. 6"
"301 CONTRABANDO, NUM. 8","CONTRABANDO, NUM. 8"
CONTRATO DE MUTUO O PRESTAMO,CONTRATO DE MUTUO O PRESTAMO
CONTRATO O DECLARACIÓN JURADA POR MORA DEL PAGO DE PENSIONES DE ARRENDAMIENTO,CONTRATO O DECLARACIÓN JURADA POR MORA DEL PAGO DE PENSIONES DE ARRENDAMIENTO
CONTRATOS DE PRENDA ESPECIAL DE COMERCIO,CONTRATOS DE PRENDA ESPECIAL DE COMERCIO
CONTRATOS DE VENTA CON RESERVA DE DOMINIO,CONTRATOS DE VENTA CON RESERVA DE DOMINIO
CONTRATOS PRENDARIOS,CONTRATOS PRENDARIOS
"29001021-396 CONTRAVENCIONES DE CUARTA CLASE, INC.1, NUM. 1","CONTRAVENCIONES DE CUARTA CLASE, INC.1, NUM. 1"
"396 CONTRAVENCIONES DE CUARTA CLASE, INC.1, NUM. 1","CONTRAVENCIONES DE CUARTA CLASE, INC.1, NUM. 1"
"396 CONTRAVENCIONES DE CUARTA CLASE, INC.1, NUM. 2","CONTRAVENCIONES DE CUARTA CLASE, INC.1, NUM. 2"
"396 CONTRAVENCIONES DE CUARTA CLASE, INC.1, NUM. 3","CONTRAVENCIONES DE CUARTA CLASE, INC.1, NUM. 3"
"396 CONTRAVENCIONES DE CUARTA CLASE, INC.1, NUM. 4","CONTRAVENCIONES DE CUARTA CLASE, INC.1, NUM. 4"
"396 CONTRAVENCIONES DE CUARTA CLASE, INC.1, NUM. 5","CONTRAVENCIONES DE CUARTA CLASE, INC.1, NUM. 5"
"393 CONTRAVENCIONES DE PRIMERA CLASE, INC.1, NUM. 1","CONTRAVENCIONES DE PRIMERA CLASE, INC.1, NUM. 1"
"393 CONTRAVENCIONES DE PRIMERA CLASE, INC.1, NUM. 2","CONTRAVENCIONES DE PRIMERA CLASE, INC.1, NUM. 2"
"393 CONTRAVENCIONES DE PRIMERA CLASE, INC.1, NUM. 3","CONTRAVENCIONES DE PRIMERA CLASE, INC.1, NUM. 3"
"393 CONTRAVENCIONES DE PRIMERA CLASE, INC.1, NUM. 4","CONTRAVENCIONES DE PRIMERA CLASE, INC.1, NUM. 4"
"393 CONTRAVENCIONES DE PRIMERA CLASE, INC.1, NUM. 5","CONTRAVENCIONES DE PRIMERA CLASE, INC.1, NUM. 5"
"394 CONTRAVENCIONES DE SEGUNDA CLASE, INC.1, NUM. 1","CONTRAVENCIONES DE SEGUNDA CLASE, INC.1, NUM. 1"
"394 CONTRAVENCIONES DE SEGUNDA CLASE, INC.1, NUM. 2","CONTRAVENCIONES DE SEGUNDA CLASE, INC.1, NUM. 2"
"395 CONTRAVENCIONES DE TERCERA CLASE, INC.1, NUM. 1","CONTRAVENCIONES DE TERCERA CLASE, INC.1, NUM. 1"
"395 CONTRAVENCIONES DE TERCERA CLASE, INC.1, NUM. 2","CONTRAVENCIONES DE TERCERA CLASE, INC.1, NUM. 2"
"389 CONTRAVENCIONES DE TRÁNSITO DE CUARTA CLASE, INC.1, NUM. 1","CONTRAVENCIONES DE TRÁNSITO DE CUARTA CLASE, INC.1, NUM. 1"
"389 CONTRAVENCIONES DE TRÁNSITO DE CUARTA CLASE, INC.1, NUM. 10","CONTRAVENCIONES DE TRÁNSITO DE CUARTA CLASE, INC.1, NUM. 10"
"389 CONTRAVENCIONES DE TRÁNSITO DE CUARTA CLASE, INC.1, NUM. 11","CONTRAVENCIONES DE TRÁNSITO DE CUARTA CLASE, INC.1, NUM. 11"
"389 CONTRAVENCIONES DE TRÁNSITO DE CUARTA CLASE, INC.1, NUM. 12","CONTRAVENCIONES DE TRÁNSITO DE CUARTA CLASE, INC.1, NUM. 12"
"389 CONTRAVENCIONES DE TRÁNSITO DE CUARTA CLASE, INC.1, NUM. 2","CONTRAVENCIONES DE TRÁNSITO DE CUARTA CLASE, INC.1, NUM. 2"
"389 CONTRAVENCIONES DE TRÁNSITO DE CUARTA CLASE, INC.1, NUM. 3","CONTRAVENCIONES DE TRÁNSITO DE CUARTA CLASE, INC.1, NUM. 3"
"389 CONTRAVENCIONES DE TRÁNSITO DE CUARTA CLASE, INC.1, NUM. 4","CONTRAVENCIONES DE TRÁNSITO DE CUARTA CLASE, INC.1, NUM. 4"
"389 CONTRAVENCIONES DE TRÁNSITO DE CUARTA CLASE, INC.1, NUM. 5","CONTRAVENCIONES DE TRÁNSITO DE CUARTA CLASE, INC.1, NUM. 5"
"389 CONTRAVENCIONES DE TRÁNSITO DE CUARTA CLASE, INC.1, NUM. 6","CONTRAVENCIONES DE TRÁNSITO DE CUARTA CLASE, INC.1, NUM. 6"
"389 CONTRAVENCIONES DE TRÁNSITO DE CUARTA CLASE, INC.1, NUM. 7","CONTRAVENCIONES DE TRÁNSITO DE CUARTA CLASE, INC.1, NUM. 7"
"389 CONTRAVENCIONES DE TRÁNSITO DE CUARTA CLASE, INC.1, NUM. 8","CONTRAVENCIONES DE TRÁNSITO DE CUARTA CLASE, INC.1, NUM. 8"
"389 CONTRAVENCIONES DE TRÁNSITO DE CUARTA CLASE, INC.1, NUM. 9","CONTRAVENCIONES DE TRÁNSITO DE CUARTA CLASE, INC.1, NUM. 9"
"389 CONTRAVENCIONES DE TRÁNSITO DE CUARTA CLASE, INC.FINAL","CONTRAVENCIONES DE TRÁNSITO DE CUARTA CLASE, INC.FINAL"
"386 CONTRAVENCIONES DE TRÁNSITO DE PRIMERA CLASE, INC. 3, NUM. 3","CONTRAVENCIONES DE TRÁNSITO DE PRIMERA CLASE, INC. 3, NUM. 3"
"386 CONTRAVENCIONES DE TRÁNSITO DE PRIMERA CLASE, INC.3, NUM. 1","CONTRAVENCIONES DE TRÁNSITO DE PRIMERA CLASE, INC.3, NUM. 1"
"386 CONTRAVENCIONES DE TRÁNSITO DE PRIMERA CLASE, INC.3, NUM. 2","CONTRAVENCIONES DE TRÁNSITO DE PRIMERA CLASE, INC.3, NUM. 2"
"386 CONTRAVENCIONES DE TRÁNSITO DE PRIMERA CLASE, NUM. 1","CONTRAVENCIONES DE TRÁNSITO DE PRIMERA CLASE, NUM. 1"
"386 CONTRAVENCIONES DE TRÁNSITO DE PRIMERA CLASE, NUM. 2","CONTRAVENCIONES DE TRÁNSITO DE PRIMERA CLASE, NUM. 2"
"386 CONTRAVENCIONES DE TRÁNSITO DE PRIMERA CLASE, NUM. 3","CONTRAVENCIONES DE TRÁNSITO DE PRIMERA CLASE, NUM. 3"
"390 CONTRAVENCIONES DE TRÁNSITO DE QUINTA CLASE, INC.1, NUM. 1","CONTRAVENCIONES DE TRÁNSITO DE QUINTA CLASE, INC.1, NUM. 1"
"390 CONTRAVENCIONES DE TRÁNSITO DE QUINTA CLASE, INC.1, NUM. 10","CONTRAVENCIONES DE TRÁNSITO DE QUINTA CLASE, INC.1, NUM. 10"
"390 CONTRAVENCIONES DE TRÁNSITO DE QUINTA CLASE, INC.1, NUM. 11","CONTRAVENCIONES DE TRÁNSITO DE QUINTA CLASE, INC.1, NUM. 11"
"390 CONTRAVENCIONES DE TRÁNSITO DE QUINTA CLASE, INC.1, NUM. 12","CONTRAVENCIONES DE TRÁNSITO DE QUINTA CLASE, INC.1, NUM. 12"
"390 CONTRAVENCIONES DE TRÁNSITO DE QUINTA CLASE, INC.1, NUM. 13","CONTRAVENCIONES DE TRÁNSITO DE QUINTA CLASE, INC.1, NUM. 13"
"390 CONTRAVENCIONES DE TRÁNSITO DE QUINTA CLASE, INC.1, NUM. 14","CONTRAVENCIONES DE TRÁNSITO DE QUINTA CLASE, INC.1, NUM. 14"
"390 CONTRAVENCIONES DE TRÁNSITO DE QUINTA CLASE, INC.1, NUM. 15","CONTRAVENCIONES DE TRÁNSITO DE QUINTA CLASE, INC.1, NUM. 15"
"390 CONTRAVENCIONES DE TRÁNSITO DE QUINTA CLASE, INC.1, NUM. 16","CONTRAVENCIONES DE TRÁNSITO DE QUINTA CLASE, INC.1, NUM. 16"
"390 CONTRAVENCIONES DE TRÁNSITO DE QUINTA CLASE, INC.1, NUM. 17","CONTRAVENCIONES DE TRÁNSITO DE QUINTA CLASE, INC.1, NUM. 17"
"390 CONTRAVENCIONES DE TRÁNSITO DE QUINTA CLASE, INC.1, NUM. 18","CONTRAVENCIONES DE TRÁNSITO DE QUINTA CLASE, INC.1, NUM. 18"
"390 CONTRAVENCIONES DE TRÁNSITO DE QUINTA CLASE, INC.1, NUM. 19","CONTRAVENCIONES DE TRÁNSITO DE QUINTA CLASE, INC.1, NUM. 19"
"390 CONTRAVENCIONES DE TRÁNSITO DE QUINTA CLASE, INC.1, NUM. 2","CONTRAVENCIONES DE TRÁNSITO DE QUINTA CLASE, INC.1, NUM. 2"
"390 CONTRAVENCIONES DE TRÁNSITO DE QUINTA CLASE, INC.1, NUM. 20","CONTRAVENCIONES DE TRÁNSITO DE QUINTA CLASE, INC.1, NUM. 20"
"390 CONTRAVENCIONES DE TRÁNSITO DE QUINTA CLASE, INC.1, NUM. 21","CONTRAVENCIONES DE TRÁNSITO DE QUINTA CLASE, INC.1, NUM. 21"
"390 CONTRAVENCIONES DE TRÁNSITO DE QUINTA CLASE, INC.1, NUM. 22","CONTRAVENCIONES DE TRÁNSITO DE QUINTA CLASE, INC.1, NUM. 22"
"390 CONTRAVENCIONES DE TRÁNSITO DE QUINTA CLASE, INC.1, NUM. 3","CONTRAVENCIONES DE TRÁNSITO DE QUINTA CLASE, INC.1, NUM. 3"
"390 CONTRAVENCIONES DE TRÁNSITO DE QUINTA CLASE, INC.1, NUM. 4","CONTRAVENCIONES DE TRÁNSITO DE QUINTA CLASE, INC.1, NUM. 4"
"390 CONTRAVENCIONES DE TRÁNSITO DE QUINTA CLASE, INC.1, NUM. 5","CONTRAVENCIONES DE TRÁNSITO DE QUINTA CLASE, INC.1, NUM. 5"
"390 CONTRAVENCIONES DE TRÁNSITO DE QUINTA CLASE, INC.1, NUM. 6","CONTRAVENCIONES DE TRÁNSITO DE QUINTA CLASE, INC.1, NUM. 6"
"390 CONTRAVENCIONES DE TRÁNSITO DE QUINTA CLASE, INC.1, NUM. 7","CONTRAVENCIONES DE TRÁNSITO DE QUINTA CLASE, INC.1, NUM. 7"
"390 CONTRAVENCIONES DE TRÁNSITO DE QUINTA CLASE, INC.1, NUM. 8","CONTRAVENCIONES DE TRÁNSITO DE QUINTA CLASE, INC.1, NUM. 8"
"390 CONTRAVENCIONES DE TRÁNSITO DE QUINTA CLASE, INC.1, NUM. 9","CONTRAVENCIONES DE TRÁNSITO DE QUINTA CLASE, INC.1, NUM. 9"
"390 CONTRAVENCIONES DE TRÁNSITO DE QUINTA CLASE, INC.FINAL","CONTRAVENCIONES DE TRÁNSITO DE QUINTA CLASE, INC.FINAL"
"387 CONTRAVENCIONES DE TRÁNSITO DE SEGUNDA CLASE, INC.1, NUM. 1","CONTRAVENCIONES DE TRÁNSITO DE SEGUNDA CLASE, INC.1, NUM. 1"
"387 CONTRAVENCIONES DE TRÁNSITO DE SEGUNDA CLASE, INC.1, NUM. 2","CONTRAVENCIONES DE TRÁNSITO DE SEGUNDA CLASE, INC.1, NUM. 2"
"387 CONTRAVENCIONES DE TRÁNSITO DE SEGUNDA CLASE, INC.1, NUM. 3","CONTRAVENCIONES DE TRÁNSITO DE SEGUNDA CLASE, INC.1, NUM. 3"
"387 CONTRAVENCIONES DE TRÁNSITO DE SEGUNDA CLASE, INC.1, NUM. 4","CONTRAVENCIONES DE TRÁNSITO DE SEGUNDA CLASE, INC.1, NUM. 4"
"387 CONTRAVENCIONES DE TRÁNSITO DE SEGUNDA CLASE, INC.1, NUM. 5","CONTRAVENCIONES DE TRÁNSITO DE SEGUNDA CLASE, INC.1, NUM. 5"
"387 CONTRAVENCIONES DE TRÁNSITO DE SEGUNDA CLASE, INC.FINAL","CONTRAVENCIONES DE TRÁNSITO DE SEGUNDA CLASE, INC.FINAL"
"391 CONTRAVENCIONES DE TRÁNSITO DE SEXTA CLASE, INC.1, NUM. 1","CONTRAVENCIONES DE TRÁNSITO DE SEXTA CLASE, INC.1, NUM. 1"
"391 CONTRAVENCIONES DE TRÁNSITO DE SEXTA CLASE, INC.1, NUM. 10","CONTRAVENCIONES DE TRÁNSITO DE SEXTA CLASE, INC.1, NUM. 10"
"391 CONTRAVENCIONES DE TRÁNSITO DE SEXTA CLASE, INC.1, NUM. 11","CONTRAVENCIONES DE TRÁNSITO DE SEXTA CLASE, INC.1, NUM. 11"
"391 CONTRAVENCIONES DE TRÁNSITO DE SEXTA CLASE, INC.1, NUM. 12","CONTRAVENCIONES DE TRÁNSITO DE SEXTA CLASE, INC.1, NUM. 12"
"391 CONTRAVENCIONES DE TRÁNSITO DE SEXTA CLASE, INC.1, NUM. 14","CONTRAVENCIONES DE TRÁNSITO DE SEXTA CLASE, INC.1, NUM. 14"
"391 CONTRAVENCIONES DE TRÁNSITO DE SEXTA CLASE, INC.1, NUM. 15","CONTRAVENCIONES DE TRÁNSITO DE SEXTA CLASE, INC.1, NUM. 15"
"391 CONTRAVENCIONES DE TRÁNSITO DE SEXTA CLASE, INC.1, NUM. 16","CONTRAVENCIONES DE TRÁNSITO DE SEXTA CLASE, INC.1, NUM. 16"
"391 CONTRAVENCIONES DE TRÁNSITO DE SEXTA CLASE, INC.1, NUM. 17","CONTRAVENCIONES DE TRÁNSITO DE SEXTA CLASE, INC.1, NUM. 17"
"391 CONTRAVENCIONES DE TRÁNSITO DE SEXTA CLASE, INC.1, NUM. 18","CONTRAVENCIONES DE TRÁNSITO DE SEXTA CLASE, INC.1, NUM. 18"
"391 CONTRAVENCIONES DE TRÁNSITO DE SEXTA CLASE, INC.1, NUM. 19","CONTRAVENCIONES DE TRÁNSITO DE SEXTA CLASE, INC.1, NUM. 19"
"391 CONTRAVENCIONES DE TRÁNSITO DE SEXTA CLASE, INC.1, NUM. 2","CONTRAVENCIONES DE TRÁNSITO DE SEXTA CLASE, INC.1, NUM. 2"
"391 CONTRAVENCIONES DE TRÁNSITO DE SEXTA CLASE, INC.1, NUM. 20","CONTRAVENCIONES DE TRÁNSITO DE SEXTA CLASE, INC.1, NUM. 20"
"391 CONTRAVENCIONES DE TRÁNSITO DE SEXTA CLASE, INC.1, NUM. 21","CONTRAVENCIONES DE TRÁNSITO DE SEXTA CLASE, INC.1, NUM. 21"
"391 CONTRAVENCIONES DE TRÁNSITO DE SEXTA CLASE, INC.1, NUM. 3","CONTRAVENCIONES DE TRÁNSITO DE SEXTA CLASE, INC.1, NUM. 3"
"391 CONTRAVENCIONES DE TRÁNSITO DE SEXTA CLASE, INC.1, NUM. 4","CONTRAVENCIONES DE TRÁNSITO DE SEXTA CLASE, INC.1, NUM. 4"
"391 CONTRAVENCIONES DE TRÁNSITO DE SEXTA CLASE, INC.1, NUM. 5","CONTRAVENCIONES DE TRÁNSITO DE SEXTA CLASE, INC.1, NUM. 5"
"391 CONTRAVENCIONES DE TRÁNSITO DE SEXTA CLASE, INC.1, NUM. 6","CONTRAVENCIONES DE TRÁNSITO DE SEXTA CLASE, INC.1, NUM. 6"
"391 CONTRAVENCIONES DE TRÁNSITO DE SEXTA CLASE, INC.1, NUM. 7","CONTRAVENCIONES DE TRÁNSITO DE SEXTA CLASE, INC.1, NUM. 7"
"391 CONTRAVENCIONES DE TRÁNSITO DE SEXTA CLASE, INC.1, NUM. 8","CONTRAVENCIONES DE TRÁNSITO DE SEXTA CLASE, INC.1, NUM. 8"
"391 CONTRAVENCIONES DE TRÁNSITO DE SEXTA CLASE, INC.1, NUM. 9","CONTRAVENCIONES DE TRÁNSITO DE SEXTA CLASE, INC.1, NUM. 9"
"392 CONTRAVENCIONES DE TRÁNSITO DE SÉPTIMA CLASE, INC.1, NUM. 1","CONTRAVENCIONES DE TRÁNSITO DE SÉPTIMA CLASE, INC.1, NUM. 1"
"392 CONTRAVENCIONES DE TRÁNSITO DE SÉPTIMA CLASE, INC.1, NUM. 10","CONTRAVENCIONES DE TRÁNSITO DE SÉPTIMA CLASE, INC.1, NUM. 10"
"392 CONTRAVENCIONES DE TRÁNSITO DE SÉPTIMA CLASE, INC.1, NUM. 11","CONTRAVENCIONES DE TRÁNSITO DE SÉPTIMA CLASE, INC.1, NUM. 11"
"392 CONTRAVENCIONES DE TRÁNSITO DE SÉPTIMA CLASE, INC.1, NUM. 12","CONTRAVENCIONES DE TRÁNSITO DE SÉPTIMA CLASE, INC.1, NUM. 12"
"392 CONTRAVENCIONES DE TRÁNSITO DE SÉPTIMA CLASE, INC.1, NUM. 13","CONTRAVENCIONES DE TRÁNSITO DE SÉPTIMA CLASE, INC.1, NUM. 13"
"392 CONTRAVENCIONES DE TRÁNSITO DE SÉPTIMA CLASE, INC.1, NUM. 14","CONTRAVENCIONES DE TRÁNSITO DE SÉPTIMA CLASE, INC.1, NUM. 14"
"392 CONTRAVENCIONES DE TRÁNSITO DE SÉPTIMA CLASE, INC.1, NUM. 15","CONTRAVENCIONES DE TRÁNSITO DE SÉPTIMA CLASE, INC.1, NUM. 15"
"392 CONTRAVENCIONES DE TRÁNSITO DE SÉPTIMA CLASE, INC.1, NUM. 2","CONTRAVENCIONES DE TRÁNSITO DE SÉPTIMA CLASE, INC.1, NUM. 2"
"392 CONTRAVENCIONES DE TRÁNSITO DE SÉPTIMA CLASE, INC.1, NUM. 3","CONTRAVENCIONES DE TRÁNSITO DE SÉPTIMA CLASE, INC.1, NUM. 3"
"392 CONTRAVENCIONES DE TRÁNSITO DE SÉPTIMA CLASE, INC.1, NUM. 4","CONTRAVENCIONES DE TRÁNSITO DE SÉPTIMA CLASE, INC.1, NUM. 4"
"392 CONTRAVENCIONES DE TRÁNSITO DE SÉPTIMA CLASE, INC.1, NUM. 5","CONTRAVENCIONES DE TRÁNSITO DE SÉPTIMA CLASE, INC.1, NUM. 5"
"392 CONTRAVENCIONES DE TRÁNSITO DE SÉPTIMA CLASE, INC.1, NUM. 6","CONTRAVENCIONES DE TRÁNSITO DE SÉPTIMA CLASE, INC.1, NUM. 6"
"392 CONTRAVENCIONES DE TRÁNSITO DE SÉPTIMA CLASE, INC.1, NUM. 7","CONTRAVENCIONES DE TRÁNSITO DE SÉPTIMA CLASE, INC.1, NUM. 7"
"392 CONTRAVENCIONES DE TRÁNSITO DE SÉPTIMA CLASE, INC.1, NUM. 9","CONTRAVENCIONES DE TRÁNSITO DE SÉPTIMA CLASE, INC.1, NUM. 9"
"392 CONTRAVENCIONES DE TRÁNSITO DE SÉPTIMA CLASE, INC.1,NUM. 8","CONTRAVENCIONES DE TRÁNSITO DE SÉPTIMA CLASE, INC.1,NUM. 8"
"388 CONTRAVENCIONES DE TRÁNSITO DE TERCERA CLASE, INC.1, NUM. 1","CONTRAVENCIONES DE TRÁNSITO DE TERCERA CLASE, INC.1, NUM. 1"
"388 CONTRAVENCIONES DE TRÁNSITO DE TERCERA CLASE, INC.1, NUM. 2","CONTRAVENCIONES DE TRÁNSITO DE TERCERA CLASE, INC.1, NUM. 2"
"388 CONTRAVENCIONES DE TRÁNSITO DE TERCERA CLASE, INC.1, NUM. 3","CONTRAVENCIONES DE TRÁNSITO DE TERCERA CLASE, INC.1, NUM. 3"
"388 CONTRAVENCIONES DE TRÁNSITO DE TERCERA CLASE, INC.1, NUM. 4","CONTRAVENCIONES DE TRÁNSITO DE TERCERA CLASE, INC.1, NUM. 4"
"388 CONTRAVENCIONES DE TRÁNSITO DE TERCERA CLASE, INC.1, NUM. 5","CONTRAVENCIONES DE TRÁNSITO DE TERCERA CLASE, INC.1, NUM. 5"
"388 CONTRAVENCIONES DE TRÁNSITO DE TERCERA CLASE, INC.1, NUM. 6","CONTRAVENCIONES DE TRÁNSITO DE TERCERA CLASE, INC.1, NUM. 6"
"388 CONTRAVENCIONES DE TRÁNSITO DE TERCERA CLASE, INC.1, NUM. 7","CONTRAVENCIONES DE TRÁNSITO DE TERCERA CLASE, INC.1, NUM. 7"
"388 CONTRAVENCIONES DE TRÁNSITO DE TERCERA CLASE, INC.1, NUM. 8","CONTRAVENCIONES DE TRÁNSITO DE TERCERA CLASE, INC.1, NUM. 8"
"388 CONTRAVENCIONES DE TRÁNSITO DE TERCERA CLASE, INC.1, NUM. 9","CONTRAVENCIONES DE TRÁNSITO DE TERCERA CLASE, INC.1, NUM. 9"
"388 CONTRAVENCIONES DE TRÁNSITO DE TERCERA CLASE, INC.FINAL","CONTRAVENCIONES DE TRÁNSITO DE TERCERA CLASE, INC.FINAL"
"397 CONTRAVENCIONES EN ESCENARIOS DEPORTIVOS Y DE CONCURRENCIA MASIVA, INC.1, NUM. 1","CONTRAVENCIONES EN ESCENARIOS DEPORTIVOS Y DE CONCURRENCIA MASIVA, INC.1, NUM. 1"
"397 CONTRAVENCIONES EN ESCENARIOS DEPORTIVOS Y DE CONCURRENCIA MASIVA, INC.1, NUM. 2","CONTRAVENCIONES EN ESCENARIOS DEPORTIVOS Y DE CONCURRENCIA MASIVA, INC.1, NUM. 2"
"397 CONTRAVENCIONES EN ESCENARIOS DEPORTIVOS Y DE CONCURRENCIA MASIVA, INC.1, NUM. 3","CONTRAVENCIONES EN ESCENARIOS DEPORTIVOS Y DE CONCURRENCIA MASIVA, INC.1, NUM. 3"
210 CONTRAVENCIÓN DE ABIGEATO,CONTRAVENCIÓN DE ABIGEATO
209 CONTRAVENCIÓN DE HURTO,CONTRAVENCIÓN DE HURTO
29001001-209 CONTRAVENCIÓN DE HURTO,CONTRAVENCIÓN DE HURTO
COPIA Y LA COMPULSA AUTENTICAS DE LAS ESCRITURAS PÚBLICAS,COPIA Y LA COMPULSA AUTENTICAS DE LAS ESCRITURAS PÚBLICAS
CUMPLIMIENTO DE CONTRATO,CUMPLIMIENTO DE CONTRATO
CUMPLIMIENTO DE CONTRATO PROMISORIO,CUMPLIMIENTO DE CONTRATO PROMISORIO
204 DAÑO A BIEN AJENO,DAÑO A BIEN AJENO
27001263-204 DAÑO A BIEN AJENO,DAÑO A BIEN AJENO
204 DAÑO A BIEN AJENO - INC.3,DAÑO A BIEN AJENO - INC.3
204 DAÑO A BIEN AJENO - NUM. 1,DAÑO A BIEN AJENO - NUM. 1
204 DAÑO A BIEN AJENO - NUM. 2,DAÑO A BIEN AJENO - NUM. 2
204 DAÑO A BIEN AJENO - NUM. 3,DAÑO A BIEN AJENO - NUM. 3
204 DAÑO A BIEN AJENO - NUM. 4,DAÑO A BIEN AJENO - NUM. 4
204 DAÑO A BIEN AJENO - NUM. 5,DAÑO A BIEN AJENO - NUM. 5
204 DAÑO A BIEN AJENO - NUM. 6,DAÑO A BIEN AJENO - NUM. 6
DAÑO MORAL,DAÑO MORAL
215 DAÑO PERMANENTE A LA SALUD,DAÑO PERMANENTE A LA SALUD
380 DAÑOS MATERIALES,DAÑOS MATERIALES
"380 DAÑOS MATERIALES, INC 5","DAÑOS MATERIALES, INC 5"
"380 DAÑOS MATERIALES, INC.1","DAÑOS MATERIALES, INC.1"
"380 DAÑOS MATERIALES, INC.2","DAÑOS MATERIALES, INC.2"
"380 DAÑOS MATERIALES, INC.3","DAÑOS MATERIALES, INC.3"
"380 DAÑOS MATERIALES, INC.4","DAÑOS MATERIALES, INC.4"
382 DAÑOS MECÁNICOS PREVISIBLES EN TRANSPORTE PÚBLICO,DAÑOS MECÁNICOS PREVISIBLES EN TRANSPORTE PÚBLICO
DAÑOS Y PERJUICIOS,DAÑOS Y PERJUICIOS
DAÑOS Y PERJUICIOS POR DAÑO AMBIENTAL,DAÑOS Y PERJUICIOS POR DAÑO AMBIENTAL
DE IMPUGNACIONES DE SANCIONES ADMINISTRADAS  A CAUSA DEL DECRETO EJECUTIVO 1017-ESTADO DE EMERGENCIA SANITARIA,DE IMPUGNACIONES DE SANCIONES ADMINISTRADAS  A CAUSA DEL DECRETO EJECUTIVO 1017-ESTADO DE EMERGENCIA SANITARIA
DECLARACION JUDICIAL DE PATERNIDAD,DECLARACION JUDICIAL DE PATERNIDAD
DECLARACIONES TESTIMONIALES URGENTES (ART. 122 NUM. 7 COGEP),DECLARACIONES TESTIMONIALES URGENTES (ART. 122 NUM. 7 COGEP)
DECLARACIÓN DE LA EXISTENCIA DE LA UNIÓN DE HECHO,DECLARACIÓN DE LA EXISTENCIA DE LA UNIÓN DE HECHO
DECLARACIÓN DE MUERTE PRESUNTA,DECLARACIÓN DE MUERTE PRESUNTA
DECLARACIÓN DE PARTE,DECLARACIÓN DE PARTE
DECLARACIÓN DE PARTE HECHA CON JURAMENTO ANTE UNA O UN JUZGADOR COMPETENTE,DECLARACIÓN DE PARTE HECHA CON JURAMENTO ANTE UNA O UN JUZGADOR COMPETENTE
DECLARACIÓN JUDICIAL DE MATERNIDAD,DECLARACIÓN JUDICIAL DE MATERNIDAD
DECLARACIÓN JURAMENTADA,DECLARACIÓN JURAMENTADA
DECLARATORIA DE INSOLVENCIA,DECLARATORIA DE INSOLVENCIA
DECLARATORIA DE MUERTE PRESUNTA,DECLARATORIA DE MUERTE PRESUNTA
DECLARATORIA DE UNIÓN DE HECHO,DECLARATORIA DE UNIÓN DE HECHO
DECRETO EJECUTIVO NO. 355 DE FECHA 21 DE FEBRERO 2022,DECRETO EJECUTIVO NO. 355 DE FECHA 21 DE FEBRERO 2022
DEFECTOS Y VICIOS OCULTOS,DEFECTOS Y VICIOS OCULTOS
"299 DEFRAUDACIÓN ADUANERA, NUM. 1","DEFRAUDACIÓN ADUANERA, NUM. 1"
"299 DEFRAUDACIÓN ADUANERA, NUM. 2","DEFRAUDACIÓN ADUANERA, NUM. 2"
"298 DEFRAUDACIÓN TRIBUTARIA, INC.10","DEFRAUDACIÓN TRIBUTARIA, INC.10"
"298 DEFRAUDACIÓN TRIBUTARIA, NUM. 1","DEFRAUDACIÓN TRIBUTARIA, NUM. 1"
"298 DEFRAUDACIÓN TRIBUTARIA, NUM. 11","DEFRAUDACIÓN TRIBUTARIA, NUM. 11"
"298 DEFRAUDACIÓN TRIBUTARIA, NUM. 4","DEFRAUDACIÓN TRIBUTARIA, NUM. 4"
"298 DEFRAUDACIÓN TRIBUTARIA, NUM. 5","DEFRAUDACIÓN TRIBUTARIA, NUM. 5"
DEJAR DE FIJAR UN PLAZO PARA EL CUMPLIMIENTO DE SUS OBLIGACIONES O DEJARLO A SU UNICO CRITERIO,DEJAR DE FIJAR UN PLAZO PARA EL CUMPLIMIENTO DE SUS OBLIGACIONES O DEJARLO A SU UNICO CRITERIO
"369 DELINCUENCIA ORGANIZADA, INC.1","DELINCUENCIA ORGANIZADA, INC.1"
"369 DELINCUENCIA ORGANIZADA, INC.FINAL","DELINCUENCIA ORGANIZADA, INC.FINAL"
251 DELITOS CONTRA EL AGUA,DELITOS CONTRA EL AGUA
251 DELITOS CONTRA EL AGUA - INC.FINAL,DELITOS CONTRA EL AGUA - INC.FINAL
DELITOS CONTRA EL MEDIO AMBIENTE,DELITOS CONTRA EL MEDIO AMBIENTE
247 DELITOS CONTRA LA FLORA Y FAUNA SILVESTRES,DELITOS CONTRA LA FLORA Y FAUNA SILVESTRES
247 DELITOS CONTRA LA FLORA Y FAUNA SILVESTRES - NUM. 1,DELITOS CONTRA LA FLORA Y FAUNA SILVESTRES - NUM. 1
247 DELITOS CONTRA LA FLORA Y FAUNA SILVESTRES - NUM. 2,DELITOS CONTRA LA FLORA Y FAUNA SILVESTRES - NUM. 2
"247 DELITOS CONTRA LA FLORA Y FAUNA SILVESTRES, INC. 1 NUM.1","DELITOS CONTRA LA FLORA Y FAUNA SILVESTRES, INC. 1 NUM.1"
"247 DELITOS CONTRA LA FLORA Y FAUNA SILVESTRES, INC. 1 NUM.2","DELITOS CONTRA LA FLORA Y FAUNA SILVESTRES, INC. 1 NUM.2"
252 DELITOS CONTRA SUELO,DELITOS CONTRA SUELO
DELITOS RELATIVOS A LA COMERCIALIZACIÓN ILÍCITA DE COMBUSTIBLES DERIVADOS DE HIDROCARBUROS INCLUIDO EL GAS LICUADO DE PETRÓLEO Y BIOCOMBUSTIBLES,DELITOS RELATIVOS A LA COMERCIALIZACIÓN ILÍCITA DE COMBUSTIBLES DERIVADOS DE HIDROCARBUROS INCLUIDO EL GAS LICUADO DE PETRÓLEO Y BIOCOMBUSTIBLES
DEMARCACIÓN DE LINDEROS,DEMARCACIÓN DE LINDEROS
083 DEPORTACIÓN O TRASLADO FORZOSO DE POBLACIÓN,DEPORTACIÓN O TRASLADO FORZOSO DE POBLACIÓN
DEPRECATORIO,DEPRECATORIO
DEPÓSITO DE PENSIÓN DE ARRENDAMIENTO,DEPÓSITO DE PENSIÓN DE ARRENDAMIENTO
DERECHOS FUNDAMENTALES DEL CONSUMIDOR,DERECHOS FUNDAMENTALES DEL CONSUMIDOR
DESAHUCIO,DESAHUCIO
"218 DESATENCIÓN DEL SERVICIO DE SALUD, INC.1","DESATENCIÓN DEL SERVICIO DE SALUD, INC.1"
"357 DESERCIÓN, NUM. 1","DESERCIÓN, NUM. 1"
DESESTIMACIÓN,DESESTIMACIÓN
DESPOJO JUDICIAL,DESPOJO JUDICIAL
DESPOJO VIOLENTO,DESPOJO VIOLENTO
237 DESTRUCCIÓN DE BIENES DEL PATRIMONIO CULTURAL,DESTRUCCIÓN DE BIENES DEL PATRIMONIO CULTURAL
337 DESTRUCCIÓN O INUTILIZACIÓN DE BIENES,DESTRUCCIÓN O INUTILIZACIÓN DE BIENES
DEVOLUCIÓN DE GARANTIA,DEVOLUCIÓN DE GARANTIA
180 DIFUSIÓN DE INFORMACIÓN DE CIRCULACIÓN RESTRINGIDA,DIFUSIÓN DE INFORMACIÓN DE CIRCULACIÓN RESTRINGIDA
DINERO,DINERO
"176 DISCRIMINACIÓN, INC.1","DISCRIMINACIÓN, INC.1"
DISOLUCIÓN DE LA SOCIEDAD CONYUGAL,DISOLUCIÓN DE LA SOCIEDAD CONYUGAL
DISOLUCIÓN DE LA SOCIEDAD CONYUGAL CON OPOSICIÓN,DISOLUCIÓN DE LA SOCIEDAD CONYUGAL CON OPOSICIÓN
DISOLUCIÓN DE LA SOCIEDAD CONYUGAL SIN OPOSICIÓN,DISOLUCIÓN DE LA SOCIEDAD CONYUGAL SIN OPOSICIÓN
DISOLUCIÓN DE LAS ASOCIACIONES PROFESIONALES O SINDICATOS,DISOLUCIÓN DE LAS ASOCIACIONES PROFESIONALES O SINDICATOS
DIVORCIO,DIVORCIO
DIVORCIO POR CAUSAL,DIVORCIO POR CAUSAL
DIVORCIO POR MUTUO CONSENTIMIENTO,DIVORCIO POR MUTUO CONSENTIMIENTO
DIVORCIO POR MUTUO CONSENTIMIENTO CON HIJOS DEPENDIENTES,DIVORCIO POR MUTUO CONSENTIMIENTO CON HIJOS DEPENDIENTES
DIVORCIO POR MUTUO CONSENTIMIENTO CON HIJOS DEPENDIENTES CON OPOSICIÓN,DIVORCIO POR MUTUO CONSENTIMIENTO CON HIJOS DEPENDIENTES CON OPOSICIÓN
DOCUMENTOS,DOCUMENTOS
DOCUMENTOS ART. 356 NUM.1,DOCUMENTOS ART. 356 NUM.1
DOCUMENTOS PRIVADOS LEGALMENTE RECONOCIDOS O RECONOCIDOS POR DECISIÓN JUDICIAL,DOCUMENTOS PRIVADOS LEGALMENTE RECONOCIDOS O RECONOCIDOS POR DECISIÓN JUDICIAL
EJECUCION DE ACTA DE MEDIACION,EJECUCION DE ACTA DE MEDIACION
EJECUCION DE HIPOTECA,EJECUCION DE HIPOTECA
EJECUCION POR SILENCIO ADMINISTRATIVO,EJECUCION POR SILENCIO ADMINISTRATIVO
EJECUCIÓN DE ACTA DE MEDIACIÓN,EJECUCIÓN DE ACTA DE MEDIACIÓN
EJECUCIÓN DE ACTA DE MEDIACIÓN (DERIVACIÓN JUDICIAL),EJECUCIÓN DE ACTA DE MEDIACIÓN (DERIVACIÓN JUDICIAL)
EJECUCIÓN DE ACTA DE TRANSACCIÓN,EJECUCIÓN DE ACTA DE TRANSACCIÓN
EJECUCIÓN DE CONTRATO PRENDARIO Y RESERVA DE DOMINIO,EJECUCIÓN DE CONTRATO PRENDARIO Y RESERVA DE DOMINIO
EJECUCIÓN DE LAUDO ARBITRAL,EJECUCIÓN DE LAUDO ARBITRAL
EJECUCIÓN DE SENTENCIA,EJECUCIÓN DE SENTENCIA
EJECUCIÓN DE SENTENCIA EJECUTORIADA,EJECUCIÓN DE SENTENCIA EJECUTORIADA
EJECUCIÓN DE SENTENCIA EXTRANJERA HOMOLOGADA,EJECUCIÓN DE SENTENCIA EXTRANJERA HOMOLOGADA
"330 EJERCICIO ILEGAL DE LA PROFESIÓN, INC.1","EJERCICIO ILEGAL DE LA PROFESIÓN, INC.1"
EL CONDUCTOR NACIONAL O EXTRANJERO QUE DESOBEDEZCA LAS ÓRDENES DE LOS AGENTES DE TRÁNSITO O QUE NO RESPETE LAS SEÑALES MANUALES DE DICHOS AGENTES EN GENERAL TODA SEÑALIZACIÓN COLOCADA EN LAS VÍAS PÚBLICAS TALES COMO SEMÁFOROS PARE CEDA EL PASO CRUCE O PRE,EL CONDUCTOR NACIONAL O EXTRANJERO QUE DESOBEDEZCA LAS ÓRDENES DE LOS AGENTES DE TRÁNSITO O QUE NO RESPETE LAS SEÑALES MANUALES DE DICHOS AGENTES EN GENERAL TODA SEÑALIZACIÓN COLOCADA EN LAS VÍAS PÚBLICAS TALES COMO SEMÁFOROS PARE CEDA EL PASO CRUCE O PRE
EL CONDUCTOR NACIONAL O EXTRANJERO QUE OCASIONE ACCIDENTE DE TRÁNSITO DEL QUE RESULTEN SOLO DAÑOS MATERIALES A TERCEROS CUYOS COSTOS SEAN INFERIORES A DOS REMUNERACIONES BÁSICAS UNIFICADAS DEL TRABAJADOR EN GENERAL,EL CONDUCTOR NACIONAL O EXTRANJERO QUE OCASIONE ACCIDENTE DE TRÁNSITO DEL QUE RESULTEN SOLO DAÑOS MATERIALES A TERCEROS CUYOS COSTOS SEAN INFERIORES A DOS REMUNERACIONES BÁSICAS UNIFICADAS DEL TRABAJADOR EN GENERAL
EL CONDUCTOR QUE CON UN VEHÍCULO AUTOMOTOR EXCEDIERE DENTRO DE UN RANGO MODERADO LOS LÍMITES DE VELOCIDAD PERMITIDOS DE CONFORMIDAD CON EL REGLAMENTO CORRESPONDIENTE,EL CONDUCTOR QUE CON UN VEHÍCULO AUTOMOTOR EXCEDIERE DENTRO DE UN RANGO MODERADO LOS LÍMITES DE VELOCIDAD PERMITIDOS DE CONFORMIDAD CON EL REGLAMENTO CORRESPONDIENTE
EL CONDUCTOR QUE CON UN VEHÍCULO AUTOMOTOR EXCEDIERE LOS LÍMITES DE VELOCIDAD FUERA DEL RANGO MODERADO DE CONFORMIDAD CON EL REGLAMENTO CORRESPONDIENTE,EL CONDUCTOR QUE CON UN VEHÍCULO AUTOMOTOR EXCEDIERE LOS LÍMITES DE VELOCIDAD FUERA DEL RANGO MODERADO DE CONFORMIDAD CON EL REGLAMENTO CORRESPONDIENTE
EL CONDUCTOR QUE ESTACIONE UN VEHÍCULO AUTOMOTOR EN CUALQUIER TIPO DE VÍAS SIN TOMAR LAS PRECAUCIONES REGLAMENTARIAMENTE ESTABLECIDAS PARA EVITAR UN ACCIDENTE DE TRÁNSITO O LO DEJE ABANDONADO EN LA VÍA PÚBLICA,EL CONDUCTOR QUE ESTACIONE UN VEHÍCULO AUTOMOTOR EN CUALQUIER TIPO DE VÍAS SIN TOMAR LAS PRECAUCIONES REGLAMENTARIAMENTE ESTABLECIDAS PARA EVITAR UN ACCIDENTE DE TRÁNSITO O LO DEJE ABANDONADO EN LA VÍA PÚBLICA
EL CONDUCTOR QUE ESTACIONE UN VEHÍCULO EN LOS SITIOS PROHIBIDOS POR LA LEY O EL REGLAMENTO O QUE SIN DERECHO ESTACIONE SU VEHÍCULO EN LOS ESPACIOS DESTINADOS A UN USO EXCLUSIVO DE PERSONAS CON DISCAPACIDAD O MUJERES EMBARAZADAS O ESTACIONE SU VEHÍCULO OBS,EL CONDUCTOR QUE ESTACIONE UN VEHÍCULO EN LOS SITIOS PROHIBIDOS POR LA LEY O EL REGLAMENTO O QUE SIN DERECHO ESTACIONE SU VEHÍCULO EN LOS ESPACIOS DESTINADOS A UN USO EXCLUSIVO DE PERSONAS CON DISCAPACIDAD O MUJERES EMBARAZADAS O ESTACIONE SU VEHÍCULO OBS
EL CONDUCTOR QUE USE INADECUADA Y REITERADAMENTE LA BOCINA U OTROS DISPOSITIVOS SONOROS,EL CONDUCTOR QUE USE INADECUADA Y REITERADAMENTE LA BOCINA U OTROS DISPOSITIVOS SONOROS
EL CONDUCTOR Y LOS ACOMPAÑANTES EN CASO DE HABERLOS DE MOTOCICLETAS MOTONETAS BICIMOTOS TRICAR Y CUADRONES QUE NO UTILICEN ADECUADAMENTE PRENDAS VISIBLES RETRO REFLECTIVAS Y CASCO DE SEGURIDAD HOMOLOGADOS DE CONFORMIDAD CON LO ESTABLECIDO EN EL REGLAM,EL CONDUCTOR Y LOS ACOMPAÑANTES EN CASO DE HABERLOS DE MOTOCICLETAS MOTONETAS BICIMOTOS TRICAR Y CUADRONES QUE NO UTILICEN ADECUADAMENTE PRENDAS VISIBLES RETRO REFLECTIVAS Y CASCO DE SEGURIDAD HOMOLOGADOS DE CONFORMIDAD CON LO ESTABLECIDO EN EL REGLAM
EL PROVEEDOR CUYA PUBLICIDAD SEA CONSIDERADA ENGAÑOSA O ABUSIVA,EL PROVEEDOR CUYA PUBLICIDAD SEA CONSIDERADA ENGAÑOSA O ABUSIVA
ELIMINACIÓN DE MATRICULA DE VEHÍCULO,ELIMINACIÓN DE MATRICULA DE VEHÍCULO
EMBARGO Y REMATE DE BIEN CON RESERVA DE DOMINIO,EMBARGO Y REMATE DE BIEN CON RESERVA DE DOMINIO
EMBARGO Y REMATE DE PRENDA,EMBARGO Y REMATE DE PRENDA
235 ENGAÑO AL COMPRADOR RESPECTO A LA IDENTIDAD O CALIDAD DE LAS COSAS O SERVICIOS VENDIDOS,ENGAÑO AL COMPRADOR RESPECTO A LA IDENTIDAD O CALIDAD DE LAS COSAS O SERVICIOS VENDIDOS
279 ENRIQUECIMIENTO ILÍCITO,ENRIQUECIMIENTO ILÍCITO
297 ENRIQUECIMIENTO PRIVADO NO JUSTIFICADO,ENRIQUECIMIENTO PRIVADO NO JUSTIFICADO
ENVIAR AL CONSUMIDOR CUALQUIER SERVICIO O PRODUCTO SIN QUE ESTE LO HAYA SOLICITADO,ENVIAR AL CONSUMIDOR CUALQUIER SERVICIO O PRODUCTO SIN QUE ESTE LO HAYA SOLICITADO
ESTAFA,ESTAFA
"186 ESTAFA, INC. 4","ESTAFA, INC. 4"
"186 ESTAFA, INC.1","ESTAFA, INC.1"
"186 ESTAFA, INC.2","ESTAFA, INC.2"
"186 ESTAFA, INC.3","ESTAFA, INC.3"
"186 ESTAFA, INC.FINAL","ESTAFA, INC.FINAL"
"186 ESTAFA, NUM. 1","ESTAFA, NUM. 1"
"186 ESTAFA, NUM. 2","ESTAFA, NUM. 2"
"186 ESTAFA, NUM. 3","ESTAFA, NUM. 3"
"186 ESTAFA, NUM. 4","ESTAFA, NUM. 4"
"186 ESTAFA, NUM. 5","ESTAFA, NUM. 5"
"186 ESTAFA, NUM. 6","ESTAFA, NUM. 6"
EVALUACIÓN PSICOLÓGICA,EVALUACIÓN PSICOLÓGICA
274 EVASIÓN,EVASIÓN
"274 EVASIÓN, INC.2","EVASIÓN, INC.2"
"274 EVASIÓN, INC.3","EVASIÓN, INC.3"
"274 EVASIÓN, INC.FINAL","EVASIÓN, INC.FINAL"
381 EXCESO DE PASAJEROS EN TRANSPORTE PÚBLICO.,EXCESO DE PASAJEROS EN TRANSPORTE PÚBLICO.
EXHIBICIÓN DE DOCUMENTOS,EXHIBICIÓN DE DOCUMENTOS
EXHIBICIÓN DE LOS LIBROS DE COMERCIO,EXHIBICIÓN DE LOS LIBROS DE COMERCIO
EXHIBICIÓN DE TÍTULOS,EXHIBICIÓN DE TÍTULOS
EXHIBICIÓN DE VEHÍCULO,EXHIBICIÓN DE VEHÍCULO
EXHORTO,EXHORTO
EXPENSAS FIIJADAS POR LA ASAMBLEA DE COPROPIETARIOS,EXPENSAS FIIJADAS POR LA ASAMBLEA DE COPROPIETARIOS
EXPROPIACIÓN (CONTROVERSIAS GENERADAS POR FALTA DE ACUERDO EN EL PRECIO A PAGAR),EXPROPIACIÓN (CONTROVERSIAS GENERADAS POR FALTA DE ACUERDO EN EL PRECIO A PAGAR)
EXTINCIÓN DE DERECHO DE USO - HABITACIÓN,EXTINCIÓN DE DERECHO DE USO - HABITACIÓN
EXTINCIÓN DE LA OBLIGACIÓN DE ALIMENTOS,EXTINCIÓN DE LA OBLIGACIÓN DE ALIMENTOS
EXTINCIÓN DE PATRIMONIO FAMILIAR,EXTINCIÓN DE PATRIMONIO FAMILIAR
EXTORSIÓN,EXTORSIÓN
"185 EXTORSIÓN, INC.1","EXTORSIÓN, INC.1"
"185 EXTORSIÓN, NUM. 1","EXTORSIÓN, NUM. 1"
"185 EXTORSIÓN, NUM. 2","EXTORSIÓN, NUM. 2"
"185 EXTORSIÓN, NUM. 3","EXTORSIÓN, NUM. 3"
"27001214-185 EXTORSIÓN, NUM. 3","EXTORSIÓN, NUM. 3"
"185 EXTORSIÓN, NUM. 4","EXTORSIÓN, NUM. 4"
"185 EXTORSIÓN, NUM. 5","EXTORSIÓN, NUM. 5"
293 EXTRALIMITACIÓN EN LA EJECUCIÓN DE UN ACTO DE SERVICIO,EXTRALIMITACIÓN EN LA EJECUCIÓN DE UN ACTO DE SERVICIO
"293 EXTRALIMITACIÓN EN LA EJECUCIÓN DE UN ACTO DE SERVICIO, INC.FINAL","EXTRALIMITACIÓN EN LA EJECUCIÓN DE UN ACTO DE SERVICIO, INC.FINAL"
EXÁMEN DE ADN,EXÁMEN DE ADN
EXÁMEN GRAFOLÓGICO,EXÁMEN GRAFOLÓGICO
FACTURA O PRIMA DE SEGUROS,FACTURA O PRIMA DE SEGUROS
FACTURACIÓN DE CONSUMO EXCESIVO,FACTURACIÓN DE CONSUMO EXCESIVO
FACTURAS,FACTURAS
FACTURAS O DOCUMENTOS ART. 356 NUM.2,FACTURAS O DOCUMENTOS ART. 356 NUM.2
"328.1 FALSEDAD DE CONTENIDO EN RECETAS, EXÁMENES O CERTIFICADOS MÉDICOS","FALSEDAD DE CONTENIDO EN RECETAS, EXÁMENES O CERTIFICADOS MÉDICOS"
FALSEDAD DE INSTRUMENTO PÚBLICO,FALSEDAD DE INSTRUMENTO PÚBLICO
FALSIFICACIÓN DE DOCUMENTOS,FALSIFICACIÓN DE DOCUMENTOS
"327 FALSIFICACIÓN DE FIRMAS, INC.1","FALSIFICACIÓN DE FIRMAS, INC.1"
"327 FALSIFICACIÓN DE FIRMAS, INC.2","FALSIFICACIÓN DE FIRMAS, INC.2"
"208A FALSIFICACIÓN DE MARCAS Y PIRATERIA LESIVA CONTRA LOS DERECHOS DE AUTOR, NUM 2","FALSIFICACIÓN DE MARCAS Y PIRATERIA LESIVA CONTRA LOS DERECHOS DE AUTOR, NUM 2"
"208A FALSIFICACIÓN DE MARCAS Y PIRATERIA LESIVA CONTRA LOS DERECHOS DE AUTOR, NUMERAL 1","FALSIFICACIÓN DE MARCAS Y PIRATERIA LESIVA CONTRA LOS DERECHOS DE AUTOR, NUMERAL 1"
306 FALSIFICACIÓN DE MONEDA Y OTROS DOCUMENTOS,FALSIFICACIÓN DE MONEDA Y OTROS DOCUMENTOS
"306 FALSIFICACIÓN DE MONEDA Y OTROS DOCUMENTOS, INC.FINAL","FALSIFICACIÓN DE MONEDA Y OTROS DOCUMENTOS, INC.FINAL"
FALSIFICACIÓN DE MONEDAS BILLETES DE BANCO TÍTULOS AL PORTADOR Y DOCUMENTOS DE CRÉDITO,FALSIFICACIÓN DE MONEDAS BILLETES DE BANCO TÍTULOS AL PORTADOR Y DOCUMENTOS DE CRÉDITO
239 FALSIFICACIÓN O ADULTERACIÓN DE BIENES DEL PATRIMONIO CULTURAL,FALSIFICACIÓN O ADULTERACIÓN DE BIENES DEL PATRIMONIO CULTURAL
"27001567-328 FALSIFICACIÓN Y USO DE DOCUMENTO FALSO, INC.1","FALSIFICACIÓN Y USO DE DOCUMENTO FALSO, INC.1"
"328 FALSIFICACIÓN Y USO DE DOCUMENTO FALSO, INC.1","FALSIFICACIÓN Y USO DE DOCUMENTO FALSO, INC.1"
"328 FALSIFICACIÓN Y USO DE DOCUMENTO FALSO, INC.2","FALSIFICACIÓN Y USO DE DOCUMENTO FALSO, INC.2"
"328 FALSIFICACIÓN Y USO DE DOCUMENTO FALSO, INC.3","FALSIFICACIÓN Y USO DE DOCUMENTO FALSO, INC.3"
"328 FALSIFICACIÓN Y USO DE DOCUMENTO FALSO., INC.4","FALSIFICACIÓN Y USO DE DOCUMENTO FALSO., INC.4"
333 FALSO SUFRAGIO,FALSO SUFRAGIO
244 FALTA DE AFILIACIÓN AL INSTITUTO ECUATORIANO DE SEGURIDAD SOCIAL,FALTA DE AFILIACIÓN AL INSTITUTO ECUATORIANO DE SEGURIDAD SOCIAL
141 FEMICIDIO,FEMICIDIO
FIJACION DE ALIMENTOS,FIJACION DE ALIMENTOS
"367 FINANCIACIÓN DEL TERRORISMO, INC.1","FINANCIACIÓN DEL TERRORISMO, INC.1"
261 FINANCIAMIENTO O SUMINISTRO DE MAQUINARIAS PARA EXTRACCIÓN ILÍCITA DE RECURSOS MINEROS,FINANCIAMIENTO O SUMINISTRO DE MAQUINARIAS PARA EXTRACCIÓN ILÍCITA DE RECURSOS MINEROS
272 FRAUDE PROCESAL,FRAUDE PROCESAL
"272 FRAUDE PROCESAL, INC.FINAL","FRAUDE PROCESAL, INC.FINAL"
"079 GENOCIDIO, INC.1, NUM. 1","GENOCIDIO, INC.1, NUM. 1"
144 HOMICIDIO,HOMICIDIO
27001118-144 HOMICIDIO,HOMICIDIO
HOMICIDIO,HOMICIDIO
"146 HOMICIDIO CULPOSO POR MALA PRÁCTICA PROFESIONAL, INC.1","HOMICIDIO CULPOSO POR MALA PRÁCTICA PROFESIONAL, INC.1"
"145 HOMICIDIO CULPOSO, INC.1","HOMICIDIO CULPOSO, INC.1"
"146 HOMICIDIO CULPOSOS POR MALA PRÁCTICA PROFESIONAL, INC.3","HOMICIDIO CULPOSOS POR MALA PRÁCTICA PROFESIONAL, INC.3"
HONORARIOS DE ABOGADO,HONORARIOS DE ABOGADO
"197 HURTO DE BIENES DE USO POLICÍAL O MILITAR, INC.1","HURTO DE BIENES DE USO POLICÍAL O MILITAR, INC.1"
198 HURTO DE LO REQUISADO,HURTO DE LO REQUISADO
"196 HURTO, INC.1","HURTO, INC.1"
"196 HURTO, INC.2","HURTO, INC.2"
IDENTIFICACIÓN PERSONAL,IDENTIFICACIÓN PERSONAL
IMPUGNACION DE MATERNIDAD,IMPUGNACION DE MATERNIDAD
IMPUGNACION DE PATERNIDAD,IMPUGNACION DE PATERNIDAD
IMPUGNACION DEL RECONOCIMIENTO VOLUNTARIO DE HIJO O HIJA,IMPUGNACION DEL RECONOCIMIENTO VOLUNTARIO DE HIJO O HIJA
IMPUGNACIÓN DE MATERNIDAD,IMPUGNACIÓN DE MATERNIDAD
IMPUGNACIÓN DE PATERNIDAD,IMPUGNACIÓN DE PATERNIDAD
IMPUGNACIÓN DE RECONOCIMIENTO DE MENOR,IMPUGNACIÓN DE RECONOCIMIENTO DE MENOR
IMPUGNACIÓN DE VISTO BUENO,IMPUGNACIÓN DE VISTO BUENO
IMPUGNACIÓN DEL ACTA DE FINIQUITO,IMPUGNACIÓN DEL ACTA DE FINIQUITO
IMPUGNACIÓN DEL DOCUMENTO DE FINIQUITO,IMPUGNACIÓN DEL DOCUMENTO DE FINIQUITO
"247DELITOSCONTRALAFLORAYFAUNASILVESTRES, INC. FINAL",INC. FINAL
"264ALMACENAMIENTO,TRANSPORTE,ENVASADO,COMERCIALIZACIÓNODISTRIBUCIÓNILEGALDEPRODUCTOSDERIVADOSDEHIDROCARBUROS,GASLICUADODEPETRÓLEOOBIOCOMBUSTIBLES, INC.1, LITERAL A","INC.1, LITERAL A"
"264ALMACENAMIENTO,TRANSPORTE,ENVASADO,COMERCIALIZACIÓNODISTRIBUCIÓNILEGALDEPRODUCTOSDERIVADOSDEHIDROCARBUROS,GASLICUADODEPETRÓLEOOBIOCOMBUSTIBLES, INC.1, LITERAL B","INC.1, LITERAL B"
"264ALMACENAMIENTO,TRANSPORTE,ENVASADO,COMERCIALIZACIÓNODISTRIBUCIÓNILEGALDEPRODUCTOSDERIVADOSDEHIDROCARBUROS,GASLICUADODEPETRÓLEOOBIOCOMBUSTIBLES, INC.1, LITERAL C","INC.1, LITERAL C"
"264ALMACENAMIENTO,TRANSPORTE,ENVASADO,COMERCIALIZACIÓNODISTRIBUCIÓNILEGALDEPRODUCTOSDERIVADOSDEHIDROCARBUROS,GASLICUADODEPETRÓLEOOBIOCOMBUSTIBLES, INC.2",INC.2
"27001670-364 INCENDIO, NUM.1","INCENDIO, NUM.1"
"364 INCENDIO, NUM.1","INCENDIO, NUM.1"
246 INCENDIOS FORESTALES Y DE VEGETACIÓN,INCENDIOS FORESTALES Y DE VEGETACIÓN
246 INCENDIOS FORESTALES Y DE VEGETACIÓN - INC.2,INCENDIOS FORESTALES Y DE VEGETACIÓN - INC.2
INCIDENTE DE AUMENTO DE PENSIÓN ALIMENTICIA,INCIDENTE DE AUMENTO DE PENSIÓN ALIMENTICIA
INCIDENTE DE AUMENTO DE PENSIÓN ALIMENTICIA (ACTA DE MEDIACIÓN),INCIDENTE DE AUMENTO DE PENSIÓN ALIMENTICIA (ACTA DE MEDIACIÓN)
INCIDENTE DE REBAJA DE PENSIÓN ALIMENTICIA,INCIDENTE DE REBAJA DE PENSIÓN ALIMENTICIA
INCIDENTE DE REBAJA DE PENSIÓN ALIMENTICIA (ACTA DE MEDIACIÓN),INCIDENTE DE REBAJA DE PENSIÓN ALIMENTICIA (ACTA DE MEDIACIÓN)
INCIDENTE DE TENENCIA,INCIDENTE DE TENENCIA
INCIDENTE DE VISITAS,INCIDENTE DE VISITAS
INCUMPLIMIENTO DE CONTRATO,INCUMPLIMIENTO DE CONTRATO
"27001432-282 INCUMPLIMIENTO DE DECISIONES LEGÍTIMAS DE AUTORIDAD COMPETENTE, INC.1","INCUMPLIMIENTO DE DECISIONES LEGÍTIMAS DE AUTORIDAD COMPETENTE, INC.1"
"282 INCUMPLIMIENTO DE DECISIONES LEGÍTIMAS DE AUTORIDAD COMPETENTE, INC.1","INCUMPLIMIENTO DE DECISIONES LEGÍTIMAS DE AUTORIDAD COMPETENTE, INC.1"
"282 INCUMPLIMIENTO DE DECISIONES LEGÍTIMAS DE AUTORIDAD COMPETENTE, INC.2","INCUMPLIMIENTO DE DECISIONES LEGÍTIMAS DE AUTORIDAD COMPETENTE, INC.2"
"282 INCUMPLIMIENTO DE DECISIONES LEGÍTIMAS DE AUTORIDAD COMPETENTE, INC.FINAL","INCUMPLIMIENTO DE DECISIONES LEGÍTIMAS DE AUTORIDAD COMPETENTE, INC.FINAL"
INCUMPLIMIENTO DEL CONTRATO POR OBRA CIERTA,INCUMPLIMIENTO DEL CONTRATO POR OBRA CIERTA
INDEMNIZACIÓN POR ACCIDENTE DE TRABAJO,INDEMNIZACIÓN POR ACCIDENTE DE TRABAJO
INDEMNIZACIÓN POR DESPIDO INTEMPESTIVO,INDEMNIZACIÓN POR DESPIDO INTEMPESTIVO
INDEMNIZACIÓN POR DESPIDO INTEMPESTIVO A DIRIGENTE SINDICAL,INDEMNIZACIÓN POR DESPIDO INTEMPESTIVO A DIRIGENTE SINDICAL
INDEMNIZACIÓN POR DESPIDO INTEMPESTIVO A MUJER EMBARAZADA,INDEMNIZACIÓN POR DESPIDO INTEMPESTIVO A MUJER EMBARAZADA
INDEMNIZACIÓN POR DESPIDO INTEMPESTIVO A MUJER EN PERIODO DE LACTANCIA,INDEMNIZACIÓN POR DESPIDO INTEMPESTIVO A MUJER EN PERIODO DE LACTANCIA
INDEMNIZACIÓN POR ENFERMEDAD PROFESIONAL,INDEMNIZACIÓN POR ENFERMEDAD PROFESIONAL
"INDEMNIZACIÓN, REPARACIÓN, RESPOSICIÓN Y DEVOLUCIÓN POR GARANTÍAS DE LOS PRODUCTOS","INDEMNIZACIÓN, REPARACIÓN, RESPOSICIÓN Y DEVOLUCIÓN POR GARANTÍAS DE LOS PRODUCTOS"
351 INFILTRACIÓN EN ZONAS DE SEGURIDAD,INFILTRACIÓN EN ZONAS DE SEGURIDAD
INFRACCIONES SIN SANCIÓN ESPECIFICA,INFRACCIONES SIN SANCIÓN ESPECIFICA
195 INFRAESTRUCTURA ILÍCITA,INFRAESTRUCTURA ILÍCITA
275 INGRESO DE ARTÍCULOS PROHIBIDOS,INGRESO DE ARTÍCULOS PROHIBIDOS
"275 INGRESO DE ARTÍCULOS PROHIBIDOS, INC.2","INGRESO DE ARTÍCULOS PROHIBIDOS, INC.2"
"275 INGRESO DE ARTÍCULOS PROHIBIDOS, INC.FINAL","INGRESO DE ARTÍCULOS PROHIBIDOS, INC.FINAL"
INSCRICPION TARDÍA DE MATRIMONIOS,INSCRICPION TARDÍA DE MATRIMONIOS
INSCRIPCIÓN TARDIA DE NACIMIENTO,INSCRIPCIÓN TARDIA DE NACIMIENTO
INSCRIPCIÓN TARDÍA DE NACIMIENTO,INSCRIPCIÓN TARDÍA DE NACIMIENTO
INSCRIPCIÓN TARDÍA DE NACIMIENTOS,INSCRIPCIÓN TARDÍA DE NACIMIENTOS
INSOLVENCIA,INSOLVENCIA
"205 INSOLVENCIA FRAUDULENTA, INC.2","INSOLVENCIA FRAUDULENTA, INC.2"
INSPECCIÓN JUDICIAL,INSPECCIÓN JUDICIAL
INSPECCIÓN PREPARATORIA,INSPECCIÓN PREPARATORIA
363 INSTIGACIÓN,INSTIGACIÓN
230 INTERCEPTACIÓN ILEGAL DE DATOS - NUM. 1,INTERCEPTACIÓN ILEGAL DE DATOS - NUM. 1
INTERDICCIÓN,INTERDICCIÓN
154 INTIMIDACIÓN,INTIMIDACIÓN
INVASIÓN A PROPIEDAD PRIVADA,INVASIÓN A PROPIEDAD PRIVADA
INVASIÓN DE TIERRAS CON FALSA CALIDAD,INVASIÓN DE TIERRAS CON FALSA CALIDAD
245 INVASIÓN DE ÁREAS DE IMPORTANCIA ECOLÓGICA,INVASIÓN DE ÁREAS DE IMPORTANCIA ECOLÓGICA
INVENTARIO,INVENTARIO
INVENTARIO DE BIENES DE LA SOCIEDAD CONYUGAL,INVENTARIO DE BIENES DE LA SOCIEDAD CONYUGAL
INVENTARIO DE BIENES DE LA SOCIEDAD CONYUGAL CON OPOSICIÓN,INVENTARIO DE BIENES DE LA SOCIEDAD CONYUGAL CON OPOSICIÓN
INVENTARIO DE BIENES SUSCESORIOS,INVENTARIO DE BIENES SUSCESORIOS
INVENTARIO DE BIENES SUSCESORIOS CON OPOSICIÓN,INVENTARIO DE BIENES SUSCESORIOS CON OPOSICIÓN
INVENTARIOS,INVENTARIOS
INVESTIGACION DE PATERNIDAD/MATERNIDAD,INVESTIGACION DE PATERNIDAD/MATERNIDAD
INVESTIGACIÓN DE LA POLICÍA Y OFICINA TÉCNICA,INVESTIGACIÓN DE LA POLICÍA Y OFICINA TÉCNICA
INVESTIGACIÓN DE PATERNIDAD/MATERNIDAD,INVESTIGACIÓN DE PATERNIDAD/MATERNIDAD
INVESTIGACIÓN PSICOSOCIAL,INVESTIGACIÓN PSICOSOCIAL
JUBILACIÓN,JUBILACIÓN
JUICIO DE COMPETENCIA,JUICIO DE COMPETENCIA
JUICIO DE FILIACIÓN Y PRUEBAS DEL ESTADO CIVIL,JUICIO DE FILIACIÓN Y PRUEBAS DEL ESTADO CIVIL
JUICIO DE INFIMA CUANTIA,JUICIO DE INFIMA CUANTIA
JUICIO DE INVENTARIO,JUICIO DE INVENTARIO
JUICIO DE PARTICIÓN,JUICIO DE PARTICIÓN
LANZAMIENTO ART. 45 LEY DE INQUILINATO,LANZAMIENTO ART. 45 LEY DE INQUILINATO
LANZAMIENTO ART. 46 LEY DE INQUILINATO,LANZAMIENTO ART. 46 LEY DE INQUILINATO
LAS ORDENADAS POR LEY (ART. 332 # 1),LAS ORDENADAS POR LEY (ART. 332 # 1)
LAS ORDENADAS POR LEY ART. 347 #8,LAS ORDENADAS POR LEY ART. 347 #8
"317 LAVADO DE ACTIVOS, INC.3, NUM. 1","LAVADO DE ACTIVOS, INC.3, NUM. 1"
"317 LAVADO DE ACTIVOS, INC.3, NUM. 2, LITERAL C)","LAVADO DE ACTIVOS, INC.3, NUM. 2, LITERAL C)"
"317 LAVADO DE ACTIVOS, INC.3, NUM. 3, LITERAL A)","LAVADO DE ACTIVOS, INC.3, NUM. 3, LITERAL A)"
"27001542-317 LAVADO DE ACTIVOS, NUM. 1, 2,3,4,5,6,","LAVADO DE ACTIVOS, NUM. 1, 2,3,4,5,6,"
"317 LAVADO DE ACTIVOS, NUM. 1, 2,3,4,5,6,","LAVADO DE ACTIVOS, NUM. 1, 2,3,4,5,6,"
LESIONES,LESIONES
249 LESIONES A ANIMALES QUE FORMEN PARTE DEL ÁMBITO DE LA FAUNA URBANA,LESIONES A ANIMALES QUE FORMEN PARTE DEL ÁMBITO DE LA FAUNA URBANA
379 LESIONES CAUSADAS POR ACCIDENTE DE TRÁNSITO,LESIONES CAUSADAS POR ACCIDENTE DE TRÁNSITO
"379 LESIONES CAUSADAS POR ACCIDENTE DE TRÁNSITO, NUM. 1","LESIONES CAUSADAS POR ACCIDENTE DE TRÁNSITO, NUM. 1"
"379 LESIONES CAUSADAS POR ACCIDENTE DE TRÁNSITO,NUM. 2","LESIONES CAUSADAS POR ACCIDENTE DE TRÁNSITO,NUM. 2"
"379 LESIONES CAUSADAS POR ACCIDENTE DE TRÁNSITO,NUM. 3","LESIONES CAUSADAS POR ACCIDENTE DE TRÁNSITO,NUM. 3"
"379 LESIONES CAUSADAS POR ACCIDENTE DE TRÁNSITO,NUM. 4","LESIONES CAUSADAS POR ACCIDENTE DE TRÁNSITO,NUM. 4"
"379 LESIONES CAUSADAS POR ACCIDENTE DE TRÁNSITO,NUM. 5","LESIONES CAUSADAS POR ACCIDENTE DE TRÁNSITO,NUM. 5"
152 LESIONES INC.PRIMERO,LESIONES INC.PRIMERO
152 LESIONES INC.SEGUNDO,LESIONES INC.SEGUNDO
152 LESIONES INC.TERCERO Y CUARTO,LESIONES INC.TERCERO Y CUARTO
"152 LESIONES, NUM. 1","LESIONES, NUM. 1"
"152 LESIONES, NUM. 2","LESIONES, NUM. 2"
"152 LESIONES, NUM. 3","LESIONES, NUM. 3"
"27001137-152 LESIONES, NUM. 3","LESIONES, NUM. 3"
"152 LESIONES, NUM. 4","LESIONES, NUM. 4"
"152 LESIONES, NUM. 5","LESIONES, NUM. 5"
LESIÓN A LA INTEGRIDAD FÍSICA DE PERSONA PROTEGIDA,LESIÓN A LA INTEGRIDAD FÍSICA DE PERSONA PROTEGIDA
LEVANTAMIENTO DE PROHIBICION DE ENAJENAR,LEVANTAMIENTO DE PROHIBICION DE ENAJENAR
LEVANTAMIENTO DE PROHIBICIÓN DE ENAJENAR,LEVANTAMIENTO DE PROHIBICIÓN DE ENAJENAR
LIBERTAD CONTROLADA,LIBERTAD CONTROLADA
LIMITACIÓN DE LA PATRIA POTESTAD,LIMITACIÓN DE LA PATRIA POTESTAD
LIQUIDACIÓN DE BIENES DE LA SOCIEDAD CONYUGAL,LIQUIDACIÓN DE BIENES DE LA SOCIEDAD CONYUGAL
LIQUIDACIÓN DE DAÑOS Y PERJUICIOS,LIQUIDACIÓN DE DAÑOS Y PERJUICIOS
LOS CONDUCTORES QUE NO UTILICEN EL CINTURÓN DE SEGURIDAD,LOS CONDUCTORES QUE NO UTILICEN EL CINTURÓN DE SEGURIDAD
302 MAL USO DE EXENCIONES O SUSPENSIONES TRIBUTARIAS ADUANERAS,MAL USO DE EXENCIONES O SUSPENSIONES TRIBUTARIAS ADUANERAS
MALTRATO DE NIÑOS NIÑAS Y ADOLESCENTES,MALTRATO DE NIÑOS NIÑAS Y ADOLESCENTES
"249 MALTRATO O MUERTE DE MASCOTAS O ANIMALES DE COMPAÑÍA, 1","MALTRATO O MUERTE DE MASCOTAS O ANIMALES DE COMPAÑÍA, 1"
"249 MALTRATO O MUERTE DE MASCOTAS O ANIMALES DE COMPAÑÍA, 2","MALTRATO O MUERTE DE MASCOTAS O ANIMALES DE COMPAÑÍA, 2"
MEDIDA CAUTELAR,MEDIDA CAUTELAR
MEDIDAS DE PROTECCIÓN,MEDIDAS DE PROTECCIÓN
MODIFICACIÓN AL RÉGIMEN DE VISITAS,MODIFICACIÓN AL RÉGIMEN DE VISITAS
MORA,MORA
250.1 MUERTE A ANIMAL QUE FORMA PARTE DEL ÁMBITO DE LA FAUNA URBANA,MUERTE A ANIMAL QUE FORMA PARTE DEL ÁMBITO DE LA FAUNA URBANA
"250.1 MUERTE A ANIMAL QUE FORMA PARTE DEL ÁMBITO DE LA FAUNA URBANA, INC.3, NUM.1","MUERTE A ANIMAL QUE FORMA PARTE DEL ÁMBITO DE LA FAUNA URBANA, INC.3, NUM.1"
"376 MUERTE CAUSADA POR CONDUCTOR EN ESTADO DE EMBRIAGUEZ O BAJO LOS EFECTOS DE SUSTANCIAS ESTUPEFACIENTES, PSICOTRÓPICAS O PREPARADOS QUE LAS CONTENGAN","MUERTE CAUSADA POR CONDUCTOR EN ESTADO DE EMBRIAGUEZ O BAJO LOS EFECTOS DE SUSTANCIAS ESTUPEFACIENTES, PSICOTRÓPICAS O PREPARADOS QUE LAS CONTENGAN"
"377 MUERTE CULPOSA, INC.1","MUERTE CULPOSA, INC.1"
"377 MUERTE CULPOSA, INC.2, NUM. 1","MUERTE CULPOSA, INC.2, NUM. 1"
"377 MUERTE CULPOSA, INC.2, NUM. 2","MUERTE CULPOSA, INC.2, NUM. 2"
"377 MUERTE CULPOSA, INC.2, NUM. 3","MUERTE CULPOSA, INC.2, NUM. 3"
"377 MUERTE CULPOSA, INC.2, NUM. 4","MUERTE CULPOSA, INC.2, NUM. 4"
"377 MUERTE CULPOSA, INC.2, NUM. 5","MUERTE CULPOSA, INC.2, NUM. 5"
"377 MUERTE CULPOSA, INC.FINAL","MUERTE CULPOSA, INC.FINAL"
MUERTE PRESUNTA,MUERTE PRESUNTA
"378 MUERTE PROVOCADA POR NEGLIGENCIA DE CONTRATISTA O EJECUTOR DE OBRA, INC.1","MUERTE PROVOCADA POR NEGLIGENCIA DE CONTRATISTA O EJECUTOR DE OBRA, INC.1"
NEGATIVA DE INSCRIPCIÓN NACIMIENTOS,NEGATIVA DE INSCRIPCIÓN NACIMIENTOS
NOMBRAMIENTO DE TUTORA O TUTOR O CURADORA O CURADOR,NOMBRAMIENTO DE TUTORA O TUTOR O CURADORA O CURADOR
NOMBRAMIENTO DE TUTORA O TUTOR O CURADORA O CURADOR ,NOMBRAMIENTO DE TUTORA O TUTOR O CURADORA O CURADOR 
NOMBRAMIENTO DE TUTORA O TUTOR O CURADORA O CURADOR PARA LAS O LOS INCAPACES,NOMBRAMIENTO DE TUTORA O TUTOR O CURADORA O CURADOR PARA LAS O LOS INCAPACES
NULIDAD DE ACTA TRANSACCIONAL,NULIDAD DE ACTA TRANSACCIONAL
NULIDAD DE CONTRATO,NULIDAD DE CONTRATO
NULIDAD DE INSTRUMENTO PÚBLICO,NULIDAD DE INSTRUMENTO PÚBLICO
NULIDAD DE LAUDO ARBITRAL,NULIDAD DE LAUDO ARBITRAL
NULIDAD DE LAUDO ARBITRAL ART. 31 LAM,NULIDAD DE LAUDO ARBITRAL ART. 31 LAM
NULIDAD DE MATRIMONIO,NULIDAD DE MATRIMONIO
NULIDAD DE PARTICIÓN,NULIDAD DE PARTICIÓN
NULIDAD DE SENTENCIA,NULIDAD DE SENTENCIA
NULIDAD DE TESTAMENTO,NULIDAD DE TESTAMENTO
NULIDAD DEL ACTO DE RECONOCIMIENTO DE PATERNIDAD,NULIDAD DEL ACTO DE RECONOCIMIENTO DE PATERNIDAD
NULIDAD O REFORMA DE PARTIDA O INSCRIPCIÓN,NULIDAD O REFORMA DE PARTIDA O INSCRIPCIÓN
NULIDAD O REFORMA DE PARTIDA O INSCRIPCIÓN ,NULIDAD O REFORMA DE PARTIDA O INSCRIPCIÓN 
NULIDAD O REFORMA DE PARTIDAS,NULIDAD O REFORMA DE PARTIDAS
No existe este proceso,No existe este proceso
OBRA NUEVA,OBRA NUEVA
331 OBSTACULIZACIÓN DE PROCESO ELECTORAL,OBSTACULIZACIÓN DE PROCESO ELECTORAL
"201 OCUPACIÓN, USO ILEGAL DE SUELO O TRÁFICO DE TIERRAS, INC.1","OCUPACIÓN, USO ILEGAL DE SUELO O TRÁFICO DE TIERRAS, INC.1"
"201 OCUPACIÓN, USO ILEGAL DE SUELO O TRÁFICO DE TIERRAS, INC.2","OCUPACIÓN, USO ILEGAL DE SUELO O TRÁFICO DE TIERRAS, INC.2"
286 OFERTA DE REALIZAR TRÁFICO DE INFLUENCIAS,OFERTA DE REALIZAR TRÁFICO DE INFLUENCIAS
OFICIOS A ENTIDADES,OFICIOS A ENTIDADES
277 OMISIÓN DE DENUNCIA,OMISIÓN DE DENUNCIA
OPOSICIÓN A LA CONSIGNACIÓN,OPOSICIÓN A LA CONSIGNACIÓN
OPOSICIÓN AL DESAHUCIO,OPOSICIÓN AL DESAHUCIO
OPOSICIÓN AL INVENTARIO ART. 346.,OPOSICIÓN AL INVENTARIO ART. 346.
OPOSICIÓN TRÁMITES NOTARIALES,OPOSICIÓN TRÁMITES NOTARIALES
221 ORGANIZACIÓN O FINANCIAMIENTO PARA LA PRODUCCIÓN O TRÁFICO ILÍCITOS DE SUSTANCIAS CATALOGADAS SUJETAS A FISCALIZACIÓN,ORGANIZACIÓN O FINANCIAMIENTO PARA LA PRODUCCIÓN O TRÁFICO ILÍCITOS DE SUSTANCIAS CATALOGADAS SUJETAS A FISCALIZACIÓN
OTROS,OTROS
PAGARE A LA ORDEN,PAGARE A LA ORDEN
PAGARÉ A LA ORDEN,PAGARÉ A LA ORDEN
PAGO DE DINERO,PAGO DE DINERO
PAGO DE HABERES LABORALES,PAGO DE HABERES LABORALES
PAGO DE INDEMNIZACIONES LABORALES,PAGO DE INDEMNIZACIONES LABORALES
PAGO DE LO NO DEBIDO,PAGO DE LO NO DEBIDO
PAGO DE OBLIGACIONES CONSTANTES EN DOCUMENTOS PRIVADOS RECONOCIDOS LEGALMENTE,PAGO DE OBLIGACIONES CONSTANTES EN DOCUMENTOS PRIVADOS RECONOCIDOS LEGALMENTE
PAGO POR CONSIGNACIÓN,PAGO POR CONSIGNACIÓN
346 PARALIZACIÓN DE UN SERVICIO PÚBLICO,PARALIZACIÓN DE UN SERVICIO PÚBLICO
PARTICION NO VOLUNTARIA,PARTICION NO VOLUNTARIA
PARTICIÓN DE BIENES,PARTICIÓN DE BIENES
PARTICIÓN DE BIENES DE LA SOCIEDAD CONYUGAL,PARTICIÓN DE BIENES DE LA SOCIEDAD CONYUGAL
PARTICIÓN DE BIENES DE LA SOCIEDAD CONYUGAL CON OPOSICIÓN,PARTICIÓN DE BIENES DE LA SOCIEDAD CONYUGAL CON OPOSICIÓN
PARTICIÓN DE BIENES ENTRE COPROPIETARIOS,PARTICIÓN DE BIENES ENTRE COPROPIETARIOS
PARTICIÓN DE BIENES SUCESORIOS,PARTICIÓN DE BIENES SUCESORIOS
PARTICIÓN DE BIENES SUCESORIOS CON OPOSICIÓN,PARTICIÓN DE BIENES SUCESORIOS CON OPOSICIÓN
PARTICIÓN Y ADJUDICACIÓN DE BIENES,PARTICIÓN Y ADJUDICACIÓN DE BIENES
PARTICIÓN Y ADJUDICACIÓN DE BIENES DE SOCIEDAD CIVIL,PARTICIÓN Y ADJUDICACIÓN DE BIENES DE SOCIEDAD CIVIL
PARTICIÓN Y ADJUDICACIÓN DE BIENES DE SOCIEDAD CIVIL CON OPOSICIÓN,PARTICIÓN Y ADJUDICACIÓN DE BIENES DE SOCIEDAD CIVIL CON OPOSICIÓN
PATRIA POTESTAD VOLUNTARIA,PATRIA POTESTAD VOLUNTARIA
278 PECULADO,PECULADO
PECULADO,PECULADO
"278 PECULADO, INC.4","PECULADO, INC.4"
250 PELEAS O COMBATES ENTRE PERROS,PELEAS O COMBATES ENTRE PERROS
270 PERJURIO Y FALSO TESTIMONIO,PERJURIO Y FALSO TESTIMONIO
"270 PERJURIO Y FALSO TESTIMONIO, INC.3","PERJURIO Y FALSO TESTIMONIO, INC.3"
POSESIÓN NOTORIA DE NOMBRES Y APELLIDOS,POSESIÓN NOTORIA DE NOMBRES Y APELLIDOS
PRESCRIPCIÓN ADQUISITIVA DE DOMINIO,PRESCRIPCIÓN ADQUISITIVA DE DOMINIO
PRESCRIPCIÓN DE HIPOTECA,PRESCRIPCIÓN DE HIPOTECA
PRESCRIPCIÓN DEL EJERCICIO DE LA ACCIÓN PENAL,PRESCRIPCIÓN DEL EJERCICIO DE LA ACCIÓN PENAL
PRESCRIPCIÓN EXTINTIVA,PRESCRIPCIÓN EXTINTIVA
PRESCRIPCIÓN EXTRAORDINARIA ADQUISITIVA DE DOMINIO,PRESCRIPCIÓN EXTRAORDINARIA ADQUISITIVA DE DOMINIO
PREVARICATO,PREVARICATO
269 PREVARICATO DE LAS O LOS ABOGADOS,PREVARICATO DE LAS O LOS ABOGADOS
268 PREVARICATO DE LAS O LOS JUECES O ÁRBITROS,PREVARICATO DE LAS O LOS JUECES O ÁRBITROS
PRINCIPIO DE OPORTUNIDAD,PRINCIPIO DE OPORTUNIDAD
PRIVACIÓN DE LA PATRIA POTESTAD,PRIVACIÓN DE LA PATRIA POTESTAD
"160 PRIVACIÓN ILEGAL DE LIBERTAD, INC.2","PRIVACIÓN ILEGAL DE LIBERTAD, INC.2"
PRIVACIÓN O PÉRDIDA DE LA PATRIA POTESTAD,PRIVACIÓN O PÉRDIDA DE LA PATRIA POTESTAD
219 PRODUCCIÓN ILÍCITA DE SUSTANCIAS CATALOGADAS SUJETAS A FISCALIZACIÓN - NUM. 1,PRODUCCIÓN ILÍCITA DE SUSTANCIAS CATALOGADAS SUJETAS A FISCALIZACIÓN - NUM. 1
"217 PRODUCCIÓN, FABRICACIÓN, COMERCIALIZACIÓN Y DISTRIBUCIÓN DE MEDICAMENTOS E INSUMOS CADUCADOS","PRODUCCIÓN, FABRICACIÓN, COMERCIALIZACIÓN Y DISTRIBUCIÓN DE MEDICAMENTOS E INSUMOS CADUCADOS"
"305 PRODUCCIÓN, TENENCIA Y TRÁFICO DE INSTRUMENTOS DESTINADOS A LA FALSIFICACIÓN DE MONEDA","PRODUCCIÓN, TENENCIA Y TRÁFICO DE INSTRUMENTOS DESTINADOS A LA FALSIFICACIÓN DE MONEDA"
PROHIBICIÓN DE ENAJENAR,PROHIBICIÓN DE ENAJENAR
PROTESTO DE CHEQUES,PROTESTO DE CHEQUES
REBAJA DE PENSIÓN ALIMENTICIA,REBAJA DE PENSIÓN ALIMENTICIA
RECEPCIÓN DE OBRA DE PLENO DERECHO ART. 81 LOSNCP,RECEPCIÓN DE OBRA DE PLENO DERECHO ART. 81 LOSNCP
300 RECEPTACIÓN ADUANERA,RECEPTACIÓN ADUANERA
"202 RECEPTACIÓN, INC.1","RECEPTACIÓN, INC.1"
"202 RECEPTACIÓN, INC.2","RECEPTACIÓN, INC.2"
RECONOCIMIENTO DE CAPITULACIONES MATRIMONIALES OTORGADAS EN EL EXTRANJERO,RECONOCIMIENTO DE CAPITULACIONES MATRIMONIALES OTORGADAS EN EL EXTRANJERO
RECONOCIMIENTO DE DOCUMENTO PRIVADO,RECONOCIMIENTO DE DOCUMENTO PRIVADO
RECONOCIMIENTO DE DOCUMENTOS,RECONOCIMIENTO DE DOCUMENTOS
RECONOCIMIENTO DE FIRMA Y RUBRICA,RECONOCIMIENTO DE FIRMA Y RUBRICA
RECONOCIMIENTO DE HIJO POSTUMO,RECONOCIMIENTO DE HIJO POSTUMO
RECONOCIMIENTO O DELCARATORIA DE UNION DE HECHO,RECONOCIMIENTO O DELCARATORIA DE UNION DE HECHO
RECONOCIMIENTO O DELCARATORIA DE UNIÓN DE HECHO,RECONOCIMIENTO O DELCARATORIA DE UNIÓN DE HECHO
RECONOCIMIENTO VOLUNTARIO,RECONOCIMIENTO VOLUNTARIO
RECONOCIMIENTO Y HOMOLOGACIÓN DE ACTA DE MEDIACIÓN EXTRANJERA,RECONOCIMIENTO Y HOMOLOGACIÓN DE ACTA DE MEDIACIÓN EXTRANJERA
RECONOCIMIENTO Y HOMOLOGACIÓN DE SENTENCIA EXTRANJERA,RECONOCIMIENTO Y HOMOLOGACIÓN DE SENTENCIA EXTRANJERA
RECTIFICACIÓN DE ESCRITURA,RECTIFICACIÓN DE ESCRITURA
RECUSACIÓN,RECUSACIÓN
RECUSACIÓN A FISCAL,RECUSACIÓN A FISCAL
REFORMA DE PARTIDA O INSCRIPCIÓN,REFORMA DE PARTIDA O INSCRIPCIÓN
REFORMA O NULIDAD DE INSCRIPCIÓN,REFORMA O NULIDAD DE INSCRIPCIÓN
REINVINDICACIÓN,REINVINDICACIÓN
REMARCACIÓN,REMARCACIÓN
REMUNERACIONES MENSUALES ADICIONALES IMPAGAS,REMUNERACIONES MENSUALES ADICIONALES IMPAGAS
REMUNERACIONES MENSUALES O ADICIONALES IMPAGADAS ART.356 NUM 5.,REMUNERACIONES MENSUALES O ADICIONALES IMPAGADAS ART.356 NUM 5.
RENDICIÓN DE CUENTAS,RENDICIÓN DE CUENTAS
RENDICIÓN DE CUENTAS CON OPOSICIÓN,RENDICIÓN DE CUENTAS CON OPOSICIÓN
RENDICIÓN DE CUENTAS DE BIENES SUCESORIOS,RENDICIÓN DE CUENTAS DE BIENES SUCESORIOS
REPARACION ECONOMICA,REPARACION ECONOMICA
191 REPROGRAMACIÓN O MODIFICACIÓN DE INFORMACIÓN DE EQUIPOS TERMINALES MÓVILES,REPROGRAMACIÓN O MODIFICACIÓN DE INFORMACIÓN DE EQUIPOS TERMINALES MÓVILES
REQUERIMIENTO JUDICIAL,REQUERIMIENTO JUDICIAL
RESCISIÓN DE CONTRATO,RESCISIÓN DE CONTRATO
RESCISIÓN DE CONTRATO POR LESIÓN ENORME,RESCISIÓN DE CONTRATO POR LESIÓN ENORME
RESOLUCIÓN DE CONTRATO,RESOLUCIÓN DE CONTRATO
RESPONSABILIDADES Y OBLIGACIONES DEL PROVEEDOR,RESPONSABILIDADES Y OBLIGACIONES DEL PROVEEDOR
RESTITUCIÓN DEL INMUEBLE,RESTITUCIÓN DEL INMUEBLE
RETENCIÓN,RETENCIÓN
242 RETENCIÓN ILEGAL DE APORTACIÓN A LA SEGURIDAD SOCIAL,RETENCIÓN ILEGAL DE APORTACIÓN A LA SEGURIDAD SOCIAL
"242 RETENCIÓN ILEGAL DE APORTACIÓN A LA SEGURIDAD SOCIAL, INC.FINAL","RETENCIÓN ILEGAL DE APORTACIÓN A LA SEGURIDAD SOCIAL, INC.FINAL"
RETENCIÓN INDEBIDA DEL MENOR,RETENCIÓN INDEBIDA DEL MENOR
179 REVELACIÓN DE SECRETO,REVELACIÓN DE SECRETO
229 REVELACIÓN ILEGAL DE BASE DE DATOS,REVELACIÓN ILEGAL DE BASE DE DATOS
ROBO,ROBO
ROBO CALIFICADO,ROBO CALIFICADO
"189 ROBO, INC.1","ROBO, INC.1"
"27001231-189 ROBO, INC.1","ROBO, INC.1"
"189 ROBO, INC.2","ROBO, INC.2"
"27001232-189 ROBO, INC.2","ROBO, INC.2"
"189 ROBO, INC.2 (TENTATIVA)","ROBO, INC.2 (TENTATIVA)"
"189 ROBO, INC.3","ROBO, INC.3"
"189 ROBO, INC.4","ROBO, INC.4"
"189 ROBO, INC.5","ROBO, INC.5"
"189 ROBO, INC.6","ROBO, INC.6"
284 RUPTURA DE SELLOS,RUPTURA DE SELLOS
RÉGIMEN DE VISITAS,RÉGIMEN DE VISITAS
"345 SABOTAJE, INC.1","SABOTAJE, INC.1"
161 SECUESTRO,SECUESTRO
27001154-161 SECUESTRO,SECUESTRO
SECUESTRO,SECUESTRO
"162 SECUESTRO EXTORSIVO, INC.1","SECUESTRO EXTORSIVO, INC.1"
"162 SECUESTRO EXTORSIVO, INC.FINAL","SECUESTRO EXTORSIVO, INC.FINAL"
"162 SECUESTRO EXTORSIVO, NUM. 1","SECUESTRO EXTORSIVO, NUM. 1"
"162 SECUESTRO EXTORSIVO, NUM. 10","SECUESTRO EXTORSIVO, NUM. 10"
"162 SECUESTRO EXTORSIVO, NUM. 2","SECUESTRO EXTORSIVO, NUM. 2"
"162 SECUESTRO EXTORSIVO, NUM. 3","SECUESTRO EXTORSIVO, NUM. 3"
"162 SECUESTRO EXTORSIVO, NUM. 4","SECUESTRO EXTORSIVO, NUM. 4"
"162 SECUESTRO EXTORSIVO, NUM. 7","SECUESTRO EXTORSIVO, NUM. 7"
"162 SECUESTRO EXTORSIVO, NUM. 9","SECUESTRO EXTORSIVO, NUM. 9"
SERVICIOS DEFECTUOSOS,SERVICIOS DEFECTUOSOS
SERVIDUMBRE,SERVIDUMBRE
"143 SICARIATO, INC.1","SICARIATO, INC.1"
"143 SICARIATO, INC.2","SICARIATO, INC.2"
222 SIEMBRA O CULTIVO,SIEMBRA O CULTIVO
163 SIMULACIÓN DE SECUESTRO,SIMULACIÓN DE SECUESTRO
SOLICITUD,SOLICITUD
SOLICITUD ,SOLICITUD 
SOLICITUD DE OFICIO,SOLICITUD DE OFICIO
SOLICITUD DE OFICIOS,SOLICITUD DE OFICIOS
SOLICITUD DE PERITAJE,SOLICITUD DE PERITAJE
SOLICITUD DE PRUEBA DOCUMENTAL,SOLICITUD DE PRUEBA DOCUMENTAL
SUBROGACION DE PATRIMONIO FAMILIAR,SUBROGACION DE PATRIMONIO FAMILIAR
"223 SUMINISTRO DE SUSTANCIAS ESTUPEFACIENTES, PSICOTRÓPICAS O PREPARADOS QUE LAS CONTENGAN","SUMINISTRO DE SUSTANCIAS ESTUPEFACIENTES, PSICOTRÓPICAS O PREPARADOS QUE LAS CONTENGAN"
212 SUPLANTACIÓN DE IDENTIDAD,SUPLANTACIÓN DE IDENTIDAD
"211 SUPRESIÓN, ALTERACIÓN O SUPOSICIÓN DE LA IDENTIDAD Y ESTADO CIVIL","SUPRESIÓN, ALTERACIÓN O SUPOSICIÓN DE LA IDENTIDAD Y ESTADO CIVIL"
SUSPENSIÓN DE LA PATRIA POTESTAD,SUSPENSIÓN DE LA PATRIA POTESTAD
SUSPENSIÓN DE OBRA,SUSPENSIÓN DE OBRA
SUSPENSIÓN INJUSTIFICADA DEL SERVICIO,SUSPENSIÓN INJUSTIFICADA DEL SERVICIO
266 SUSTRACCIÓN DE HIDROCARBUROS,SUSTRACCIÓN DE HIDROCARBUROS
TENENCIA,TENENCIA
"360 TENENCIA Y PORTE DE ARMAS, INC.1","TENENCIA Y PORTE DE ARMAS, INC.1"
"360 TENENCIA Y PORTE DE ARMAS, INC.2","TENENCIA Y PORTE DE ARMAS, INC.2"
TENTATIVA DE ASESINATO,TENTATIVA DE ASESINATO
TERCERÍA EXCLUYENTE,TERCERÍA EXCLUYENTE
TERMINACION DE LA SEPARACION DE LA SOCIEDAD CONYUGAL,TERMINACION DE LA SEPARACION DE LA SOCIEDAD CONYUGAL
TERMINACION DE LA UNION DE HECHO,TERMINACION DE LA UNION DE HECHO
TERMINACION DE UNION DE HECHO CON HIJOS DEPENDIENTES,TERMINACION DE UNION DE HECHO CON HIJOS DEPENDIENTES
TERMINACIÓN DE CONTRATO,TERMINACIÓN DE CONTRATO
TERMINACIÓN DE CONTRATO DE ARRENDAMIENTO,TERMINACIÓN DE CONTRATO DE ARRENDAMIENTO
TERMINACIÓN DE LA UNIÓN DE HECHO,TERMINACIÓN DE LA UNIÓN DE HECHO
TERMINACIÓN DE LA UNIÓN DE HECHO CON HIJOS DEPENDIENTES,TERMINACIÓN DE LA UNIÓN DE HECHO CON HIJOS DEPENDIENTES
TERMINACIÓN DE RELACIONES LABORALES ART. 584 C.T,TERMINACIÓN DE RELACIONES LABORALES ART. 584 C.T
TERMINACIÓN DE UNIÓN DE HECHO,TERMINACIÓN DE UNIÓN DE HECHO
"366 TERRORISMO, INC.1","TERRORISMO, INC.1"
"366 TERRORISMO, NUM. 9","TERRORISMO, NUM. 9"
"119 TORTURA Y TRATOS CRUELES, INHUMANOS O DEGRADANTES EN PERSONA PROTEGIDA","TORTURA Y TRATOS CRUELES, INHUMANOS O DEGRADANTES EN PERSONA PROTEGIDA"
"151 TORTURA, INC.1","TORTURA, INC.1"
"151 TORTURA, INC.2, NUM. 1","TORTURA, INC.2, NUM. 1"
"151 TORTURA, INC.2, NUM. 2","TORTURA, INC.2, NUM. 2"
"151 TORTURA, INC.2, NUM. 4","TORTURA, INC.2, NUM. 4"
TRANSACCIÓN EXTRAJUDICIAL (ART. 347 COGEP),TRANSACCIÓN EXTRAJUDICIAL (ART. 347 COGEP)
231 TRANSFERENCIA ELECTRÓNICA DE ACTIVO PATRIMONIAL,TRANSFERENCIA ELECTRÓNICA DE ACTIVO PATRIMONIAL
238 TRANSPORTE Y COMERCIALIZACIÓN ILÍCITOS Y TRÁFICO DE BIENES DEL PATRIMONIO CULTURAL - INC.FINAL,TRANSPORTE Y COMERCIALIZACIÓN ILÍCITOS Y TRÁFICO DE BIENES DEL PATRIMONIO CULTURAL - INC.FINAL
"238 TRANSPORTE Y COMERCIALIZACIÓN ILÍCITOS Y TRÁFICO DE BIENES DEL PATRIMONIO CULTURAL, INC 1","TRANSPORTE Y COMERCIALIZACIÓN ILÍCITOS Y TRÁFICO DE BIENES DEL PATRIMONIO CULTURAL, INC 1"
"285 TRÁFICO DE INFLUENCIAS, INC.1","TRÁFICO DE INFLUENCIAS, INC.1"
304 TRÁFICO DE MONEDA,TRÁFICO DE MONEDA
"362 TRÁFICO ILÍCITO DE ARMAS DE FUEGO, ARMAS QUÍMICAS, NUCLEARES O BIOLÓGICAS, INC.1","TRÁFICO ILÍCITO DE ARMAS DE FUEGO, ARMAS QUÍMICAS, NUCLEARES O BIOLÓGICAS, INC.1"
"362 TRÁFICO ILÍCITO DE ARMAS DE FUEGO, ARMAS QUÍMICAS, NUCLEARES O BIOLÓGICAS, INC.2","TRÁFICO ILÍCITO DE ARMAS DE FUEGO, ARMAS QUÍMICAS, NUCLEARES O BIOLÓGICAS, INC.2"
"213 TRÁFICO ILÍCITO DE MIGRANTES , INC.FINAL","TRÁFICO ILÍCITO DE MIGRANTES , INC.FINAL"
"213 TRÁFICO ILÍCITO DE MIGRANTES, INC.1","TRÁFICO ILÍCITO DE MIGRANTES, INC.1"
"220 TRÁFICO ILÍCITO DE SUSTANCIAS CATALOGADAS SUJETAS A FISCALIZACION- INC.4, LITERAL A","TRÁFICO ILÍCITO DE SUSTANCIAS CATALOGADAS SUJETAS A FISCALIZACION- INC.4, LITERAL A"
"220 TRÁFICO ILÍCITO DE SUSTANCIAS CATALOGADAS SUJETAS A FISCALIZACION- INC.4, LITERAL B","TRÁFICO ILÍCITO DE SUSTANCIAS CATALOGADAS SUJETAS A FISCALIZACION- INC.4, LITERAL B"
"27001694-220 TRÁFICO ILÍCITO DE SUSTANCIAS CATALOGADAS SUJETAS A FISCALIZACION- INC.4, LITERAL B","TRÁFICO ILÍCITO DE SUSTANCIAS CATALOGADAS SUJETAS A FISCALIZACION- INC.4, LITERAL B"
"220 TRÁFICO ILÍCITO DE SUSTANCIAS CATALOGADAS SUJETAS A FISCALIZACION- INC.4, LITERAL C","TRÁFICO ILÍCITO DE SUSTANCIAS CATALOGADAS SUJETAS A FISCALIZACION- INC.4, LITERAL C"
"220 TRÁFICO ILÍCITO DE SUSTANCIAS CATALOGADAS SUJETAS A FISCALIZACION- INC.4, LITERAL D","TRÁFICO ILÍCITO DE SUSTANCIAS CATALOGADAS SUJETAS A FISCALIZACION- INC.4, LITERAL D"
"220 TRÁFICO ILÍCITO DE SUSTANCIAS CATALOGADAS SUJETAS A FISCALIZACION- NUM. 1, LITERAL D)","TRÁFICO ILÍCITO DE SUSTANCIAS CATALOGADAS SUJETAS A FISCALIZACION- NUM. 1, LITERAL D)"
"27001308-220 TRÁFICO ILÍCITO DE SUSTANCIAS CATALOGADAS SUJETAS A FISCALIZACION- NUM. 1, LITERAL D)","TRÁFICO ILÍCITO DE SUSTANCIAS CATALOGADAS SUJETAS A FISCALIZACION- NUM. 1, LITERAL D)"
"220 TRÁFICO ILÍCITO DE SUSTANCIAS CATALOGADAS SUJETAS A FISCALIZACIÓN - NUM. 1, LIETRAL A)","TRÁFICO ILÍCITO DE SUSTANCIAS CATALOGADAS SUJETAS A FISCALIZACIÓN - NUM. 1, LIETRAL A)"
"220 TRÁFICO ILÍCITO DE SUSTANCIAS CATALOGADAS SUJETAS A FISCALIZACIÓN - NUM. 1, LITERAL B)","TRÁFICO ILÍCITO DE SUSTANCIAS CATALOGADAS SUJETAS A FISCALIZACIÓN - NUM. 1, LITERAL B)"
"27001306-220 TRÁFICO ILÍCITO DE SUSTANCIAS CATALOGADAS SUJETAS A FISCALIZACIÓN - NUM. 1, LITERAL B)","TRÁFICO ILÍCITO DE SUSTANCIAS CATALOGADAS SUJETAS A FISCALIZACIÓN - NUM. 1, LITERAL B)"
220 TRÁFICO ILÍCITO DE SUSTANCIAS CATALOGADAS SUJETAS A FISCALIZACIÓN - NUM. 2,TRÁFICO ILÍCITO DE SUSTANCIAS CATALOGADAS SUJETAS A FISCALIZACIÓN - NUM. 2
"220 TRÁFICO ILÍCITO DE SUSTANCIAS CATALOGADAS SUJETAS A FISCALIZACIÓN, NUM. 1, LITERAL C)","TRÁFICO ILÍCITO DE SUSTANCIAS CATALOGADAS SUJETAS A FISCALIZACIÓN, NUM. 1, LITERAL C)"
"27001307-220 TRÁFICO ILÍCITO DE SUSTANCIAS CATALOGADAS SUJETAS A FISCALIZACIÓN, NUM. 1, LITERAL C)","TRÁFICO ILÍCITO DE SUSTANCIAS CATALOGADAS SUJETAS A FISCALIZACIÓN, NUM. 1, LITERAL C)"
"220 TRÁFICO ILÍCITO DE SUSTANCIAS CATALOGADAS SUJETAS A FISCALIZACIÓN- INC.4, LITERAL C","TRÁFICO ILÍCITO DE SUSTANCIAS CATALOGADAS SUJETAS A FISCALIZACIÓN- INC.4, LITERAL C"
"220 TRÁFICO ILÍCITO DE SUSTANCIAS CATALOGADAS SUJETAS A FISCALIZACIÓN- INC.4, LITERAL D","TRÁFICO ILÍCITO DE SUSTANCIAS CATALOGADAS SUJETAS A FISCALIZACIÓN- INC.4, LITERAL D"
TUTELA O CURADURIA,TUTELA O CURADURIA
TUTELA O CURADURÍA,TUTELA O CURADURÍA
288 USO DE FUERZA PÚBLICA CONTRA ÓRDENES DE AUTORIDAD,USO DE FUERZA PÚBLICA CONTRA ÓRDENES DE AUTORIDAD
309 USURA,USURA
"309 USURA, INC.S2","USURA, INC.S2"
USURPACIÓN,USURPACIÓN
296 USURPACIÓN DE UNIFORMES E INSIGNIAS,USURPACIÓN DE UNIFORMES E INSIGNIAS
27001445-287 USURPACIÓN Y SIMULACIÓN DE FUNCIONES PÚBLICAS,USURPACIÓN Y SIMULACIÓN DE FUNCIONES PÚBLICAS
287 USURPACIÓN Y SIMULACIÓN DE FUNCIONES PÚBLICAS,USURPACIÓN Y SIMULACIÓN DE FUNCIONES PÚBLICAS
"287 USURPACIÓN Y SIMULACIÓN DE FUNCIONES PÚBLICAS, INC.FINAL","USURPACIÓN Y SIMULACIÓN DE FUNCIONES PÚBLICAS, INC.FINAL"
"200 USURPACIÓN, INC.1","USURPACIÓN, INC.1"
"200 USURPACIÓN, INC.2","USURPACIÓN, INC.2"
122 UTILIZACIÓN DE ARMAS PROHIBIDAS,UTILIZACIÓN DE ARMAS PROHIBIDAS
VALORES DE LAS PLANILLAS,VALORES DE LAS PLANILLAS
VICIOS REDHIBITORIOS,VICIOS REDHIBITORIOS
178 VIOLACIÓN A LA INTIMIDAD,VIOLACIÓN A LA INTIMIDAD
181 VIOLACIÓN DE PROPIEDAD PRIVADA,VIOLACIÓN DE PROPIEDAD PRIVADA
"181 VIOLACIÓN DE PROPIEDAD PRIVADA, INC.2","VIOLACIÓN DE PROPIEDAD PRIVADA, INC.2"
"181 VIOLACIÓN DE PROPIEDAD PRIVADA, INC.3","VIOLACIÓN DE PROPIEDAD PRIVADA, INC.3"
