id_dependencia,nombre
1100,"Dependencia jurisdiccional: PRESIDENCIA
												Ciudad: CUENCA                                            
												"
1113,"Dependencia jurisdiccional: SALA ESPECIALIZADA DE LO CIVIL Y MERCANTIL DE LA CORTE PROVINCIAL DE JUSTICIA DE AZUAY
												Ciudad: CUENCA                                            
												"
1201,"Dependencia jurisdiccional: UNIDAD JUDICIAL DE FAMILIA MUJER NIÑEZ Y ADOLESCENCIA DE GUALACEO
												Ciudad: GUALACEO                                          
												"
1202,"Dependencia jurisdiccional: UNIDAD JUDICIAL DE FAMILIA MUJER NIÑEZ Y ADOLESCENCIA CON SEDE EN EL CANTÓN PAUTE, PROVINCIA DEL AZUAY
												Ciudad: PAUTE                                             
												"
1203,"Dependencia jurisdiccional: UNIDAD JUDICIAL DE FAMILIA MUJER NIÑEZ Y ADOLESCENCIA DE GIRÓN
												Ciudad: GIRON                                             
												"
1204,"Dependencia jurisdiccional: UNIDAD JUDICIAL DE FAMILIA, MUJER, NIÑEZ Y ADOLESCENCIA CON SEDE EN EL CANTÓN CUENCA
												Ciudad: CUENCA                                            
												"
1281,"Dependencia jurisdiccional: UNIDAD JUDICIAL PENAL DE GUALACEO
												Ciudad: GUALACEO                                          
												"
1282,"Dependencia jurisdiccional: UNIDAD JUDICIAL PENAL CON SEDE EN EL CANTÓN PAUTE, PROVINCIA DEL AZUAY
												Ciudad: PAUTE                                             
												"
1283,"Dependencia jurisdiccional: UNIDAD JUDICIAL PENAL CUENCA
												Ciudad: CUENCA                                            
												"
1331,"Dependencia jurisdiccional: UNIDAD JUDICIAL CIVIL CON SEDE EN EL CANTÓN GUALACEO, PROVINCIA DEL AZUAY
												Ciudad: GUALACEO                                          
												"
1332,"Dependencia jurisdiccional: UNIDAD JUDICIAL CIVIL CON SEDE EN EL CANTÓN PAUTE, PROVINCIA DEL AZUAY
												Ciudad: PAUTE                                             
												"
1333,"Dependencia jurisdiccional: UNIDAD JUDICIAL CIVIL CUENCA
												Ciudad: CUENCA                                            
												"
1371,"Dependencia jurisdiccional: UNIDAD JUDICIAL DE TRABAJO CUENCA
												Ciudad: CUENCA                                            
												"
1501,"Dependencia jurisdiccional: TRIBUNAL DISTRITAL DE LO CONTENCIOSO TRIBUTARIO
												Ciudad: CUENCA                                            
												"
1571,"Dependencia jurisdiccional: UNIDAD JUDICIAL ESPECIALIZADA DE VIOLENCIA CONTRA LA MUJER O MIEMBROS DEL NÚCLEO FAMILIAR E INFRACCIONES CONTRA LA INTEGRIDAD SEXUAL Y REPRODUCTIVA
												Ciudad: CUENCA                                            
												"
1610,"Dependencia jurisdiccional: UNIDAD JUDICIAL MULTICOMPETENTE CON SEDE EN EL CANTÓN SIGSIG
												Ciudad: SIGSIG                                            
												"
1612,"Dependencia jurisdiccional: UNIDAD JUDICIAL MULTICOMPETENTE DE GIRÓN
												Ciudad: GIRON                                             
												"
1613,"Dependencia jurisdiccional: UNIDAD JUDICIAL MULTICOMPETENTE DE SANTA ISABEL
												Ciudad: SANTA ISABEL                                      
												"
1617,"Dependencia jurisdiccional: UNIDAD JUDICIAL MULTICOMPETENTE DE SAN FERNANDO
												Ciudad: SAN FERNANDO                                      
												"
1618,"Dependencia jurisdiccional: UNIDAD JUDICIAL MULTICOMPETENTE DE NABÓN
												Ciudad: NABON                                             
												"
1619,"Dependencia jurisdiccional: UNIDAD JUDICIAL MULTICOMPETENTE DE OÑA
												Ciudad: OÑA                                               
												"
1658,"Dependencia jurisdiccional: UNIDAD JUDICIAL MULTICOMPETENTE DE PONCE ENRÍQUEZ
												Ciudad: CAMILO PONCE ENRIQUEZ                             
												"
1803,"Dependencia jurisdiccional: TRIBUNALES DISTRITALES N. 3 DE LO CONTENCIOSO ADMINISTRATIVO CON SEDE EN EL CANTÓN CUENCA
												Ciudad: CUENCA                                            
												"
1904,"Dependencia jurisdiccional: TRIBUNAL DE GARANTÍAS PENALES CON SEDE EN EL CANTÓN CUENCA
												Ciudad: CUENCA                                            
												"
01U02,"Dependencia jurisdiccional: UNIDAD JUDICIAL ESPECIALIZADA DE GARANTIAS PENITENCIARIAS DE CUENCA
												Ciudad: CUENCA                                           
												"
2100,"Dependencia jurisdiccional: PRESIDENCIA DE LA CORTE PROVINCIAL DE JUSTICIA
												Ciudad: GUARANDA                                          
												"
2101,"Dependencia jurisdiccional: SALA MULTICOMPETENTE DE LA CORTE PROVINCIAL DE JUSTICIA DE BOLIVAR
												Ciudad: GUARANDA                                          
												"
2201,No se encuentra
2202,"Dependencia jurisdiccional: UNIDAD JUDICIAL DE FAMILIA, MUJER, NIÑEZ Y ADOLESCENCIA DEL CANTÓN GUARANDA
												Ciudad: GUARANDA                                          
												"
2253,No se encuentra
2254,No se encuentra
2255,No se encuentra
2281,"Dependencia jurisdiccional: UNIDAD JUDICIAL PENAL DEL CANTÓN GUARANDA
												Ciudad: GUARANDA                                          
												"
2305,"Dependencia jurisdiccional: UNIDAD JUDICIAL MULTICOMPETENTE CON SEDE EN EL CANTÓN SAN JOSÉ DE CHIMBO
												Ciudad: SAN JOSE DE CHIMBO                                
												"
2306,No se encuentra
2307,No se encuentra
2308,"Dependencia jurisdiccional: UNIDAD JUDICIAL MULTICOMPETENTE SEDE EN EL CANTÓN ECHEANDÍA, PROVINCIA DE BOLÍVAR
												Ciudad: ECHEANDÍA                                         
												"
2331,"Dependencia jurisdiccional: UNIDAD JUDICIAL CIVIL CON SEDE EN EL CANTÓN GUARANDA
												Ciudad: GUARANDA                                          
												"
2332,"Dependencia jurisdiccional: UNIDAD JUDICIAL MULTICOMPETENTE CON SEDE EN EL CANTÓN SAN MIGUEL
												Ciudad: SAN MIGUEL                                        
												"
2333,"Dependencia jurisdiccional: UNIDAD JUDICIAL MULTICOMPETENTE CON SEDE EN EL CANTÓN CALUMA
												Ciudad: CALUMA                                            
												"
2334,"Dependencia jurisdiccional: UNIDAD JUDICIAL MULTICOMPETENTE CON SEDE EN EL CANTÓN LAS NAVES
												Ciudad: LAS NAVES                                         
												"
2335,"Dependencia jurisdiccional: UNIDAD JUDICIAL MULTICOMPETENTE CON SEDE EN EL CANTON CHILLANES
												Ciudad: CHILLANES                                         
												"
2402,No se encuentra
2571,No se encuentra
3152,No se encuentra
3201,"Dependencia jurisdiccional: UNIDAD JUDICIAL DE FAMILIA, MUJER, NIÑEZ Y ADOLESCENCIA CON SEDE EN EL CANTÓN CAÑAR, PROVINCIA DE CAÑAR
												Ciudad: CAÑAR                                             
												"
3202,No se encuentra
3203,"Dependencia jurisdiccional: UNIDAD JUDICIAL DE FAMILIA, MUJER, NIÑEZ Y ADOLESCENCIA CON SEDE EN EL CANTÓN AZOGUES, PROVINCIA DE CAÑAR
												Ciudad: AZOGUES                                           
												"
3204,"Dependencia jurisdiccional: UNIDAD JUDICIAL MULTICOMPETENTE CON SEDE EN EL CANTÓN BIBLIÁN  PROVINCIA DE CAÑAR
												Ciudad: BIBLIAN                                           
												"
3257,"Dependencia jurisdiccional: UNIDAD JUDICIAL MULTICOMPETENTE CON SEDE EN EL CANTÓN DÉLEG
												Ciudad: DELEG                                             
												"
3281,"Dependencia jurisdiccional: UNIDAD JUDICIAL  MULTICOMPETENTE PENAL CON SEDE EN EL CANTÓN LA TRONCAL
												Ciudad: LA TRONCAL                                        
												"
3282,"Dependencia jurisdiccional: UNIDAD JUDICIAL MULTICOMPETENTE PENAL CON SEDE EN EL  CANTÒN CAÑAR
												Ciudad: CAÑAR                                             
												"
3283,"Dependencia jurisdiccional: UNIDAD JUDICIAL PENAL CON SEDE EN EL CANTÓN AZOGUES
												Ciudad: AZOGUES                                           
												"
3331,"Dependencia jurisdiccional: UNIDAD JUDICIAL MULTICOMPETENTE CIVIL CON SEDE EN EL CANTÓN LA TRONCAL
												Ciudad: LA TRONCAL                                        
												"
3332,"Dependencia jurisdiccional: UNIDAD JUDICIAL CIVIL CON SEDE EN EL CANTÓN CAÑAR PROVINCIA DEL CAÑAR
												Ciudad: CAÑAR                                             
												"
3333,"Dependencia jurisdiccional: UNIDAD JUDICIAL CIVIL CON SEDE EN EL CANTÓN AZOGUES PROVINCIA DEL CAÑAR
												Ciudad: AZOGUES                                           
												"
3334,"Dependencia jurisdiccional: UNIDAD JUDICIAL MULTICOMPETENTE CON SEDE EN EL CANTÓN EL TAMBO, PROVINCIA DE CAÑAR
												Ciudad: EL TAMBO                                          
												"
3902,"Dependencia jurisdiccional: TRIBUNAL SEGUNDO DE LO PENAL DEL CAÑAR
												Ciudad: CAÑAR                                             
												"
03U02,No se encuentra
4102,"Dependencia jurisdiccional: SALA MULTICOMPETENTE DE LA CORTE PROVINCIAL DE JUSTICIA DE CARCHI
												Ciudad: TULCAN                                            
												"
4281,"Dependencia jurisdiccional: UNIDAD JUDICIAL PENAL CON SEDE EN EL CANTÓN TULCÁN, PROVINCIA DE CARCHI
												Ciudad: TULCAN                                            
												"
4306,"Dependencia jurisdiccional: UNIDAD JUDICIAL MULTICOMPETENTE CON SEDE EN EL CANTÓN BOLIVAR, PROVINCIA DEL CARCHI
												Ciudad: BOLIVAR                                           
												"
4332,"Dependencia jurisdiccional: UNIDAD JUDICIAL MULTICOMPETENTE CON SEDE EN EL CANTÓN MIRA, PROVINCIA DEL CARCHI
												Ciudad: MIRA                                              
												"
4333,"Dependencia jurisdiccional: UNIDAD JUDICIAL CIVIL CON SEDE EN EL CANTÓN TULCÁN, PROVINCIA DE CARCHI
												Ciudad: TULCAN                                            
												"
4334,"Dependencia jurisdiccional: UNIDAD JUDICIAL MULTICOMPETENTE CON SEDE EN EL CANTÓN MONTUFAR, PROVINCIA DEL CARCHI
												Ciudad: MONTUFAR                                          
												"
4335,"Dependencia jurisdiccional: UNIDAD JUDICIAL MULTICOMPETENTE CON SEDE EN EL CANTÓN ESPEJO, PROVINCIA DEL CARCHI
												Ciudad: ESPEJO                                            
												"
4571,No se encuentra
4951,"Dependencia jurisdiccional: UNIDAD JUDICIAL DE LA FAMILIA, MUJER, NIÑEZ Y ADOLESCENCIA CON SEDE EN EL CANTÓN TULCÁN
												Ciudad: TULCAN                                            
												"
5100,"Dependencia jurisdiccional: PRESIDENCIA DE LA CORTE PROVINCIAL DE JUSTICIA DE COTOPAXI
												Ciudad: LATACUNGA                                         
												"
5101,"Dependencia jurisdiccional: SALA ESPECIALIZADA DE LO CIVIL, MERCANTIL, LABORAL, FAMILIA, NIÑEZ, ADOLESCENCIA Y ADOLESCENTES INFRACTORES DE LA CORTE PROVINCIAL DE JUSTICIA DE COTOPAXI
												Ciudad: LATACUNGA                                         
												"
5151,"Dependencia jurisdiccional: UNIDAD JUDICIAL MULTICOMPETENTE PENAL CON SEDE EN EL CANTÓN SALCEDO
												Ciudad: SALCEDO                                           
												"
5202,"Dependencia jurisdiccional: UNIDAD JUDICIAL DE FAMILIA,MUJER,NIÑEZ Y ADOLESCENCIA CON SEDE EN EL CANTÓN LATACUNGA
												Ciudad: LATACUNGA                                         
												"
5254,"Dependencia jurisdiccional: UNIDAD JUDICIAL MULTICOMPETENTE PENAL CON SEDE EN EL CANTÓN LA MANÁ, PROVINCIA DE COTOPAXI
												Ciudad: LA MANA                                           
												"
5282,"Dependencia jurisdiccional: UNIDAD JUDICIAL MULTICOMPETENTE  PENAL CON SEDE EN EL CANTÓN PUJILÍ, PROVINCIA
												Ciudad: PUJILI                                            
												"
5283,"Dependencia jurisdiccional: UNIDAD JUDICIAL PENAL CON SEDE EN EL CANTÓN LATACUNGA
												Ciudad: LATACUNGA                                         
												"
5304,"Dependencia jurisdiccional: UNIDAD JUDICIAL MULTICOMPETENTE CON SEDE EN EL CANTÓN SAQUISILÍ
												Ciudad: SAQUISILI                                         
												"
5307,"Dependencia jurisdiccional: UNIDAD JUDICIAL MULTICOMPETENTE CON SEDE EN EL CANTÓN PANGUA
												Ciudad: PANGUA                                            
												"
5331,"Dependencia jurisdiccional: UNIDAD JUDICIAL MULTICOMPETENTE CIVIL CON SEDE EN EL CANTÓN PUJILÍ, PROVINCIA DE COTOPAXI
												Ciudad: PUJILI                                            
												"
5332,"Dependencia jurisdiccional: UNIDAD JUDICIAL MULTICOMPETENTE CIVIL CON SEDE EN EL CANTÓN SALCEDO
												Ciudad: SALCEDO                                           
												"
5333,"Dependencia jurisdiccional: UNIDAD JUDICIAL CIVIL CON SEDE EN EL CANTÓN LATACUNGA
												Ciudad: LATACUNGA                                         
												"
5334,"Dependencia jurisdiccional: UNIDAD JUDICIAL MULTICOMPETENTE CON SEDE EN EL CANTÓN SIGCHOS
												Ciudad: SIGCHOS                                           
												"
5335,"Dependencia jurisdiccional: UNIDAD JUDICIAL MULTICOMPETENTE CIVIL CON SEDE EN EL CANTÓN LA MANÁ, PROVINCIA DE COTOPAXI
												Ciudad: LA MANA                                           
												"
5371,"Dependencia jurisdiccional: UNIDAD JUDICIAL DE TRABAJO CON SEDE EN EL CANTÓN LATACUNGA
												Ciudad: LATACUNGA                                         
												"
5571,No se encuentra
05U01,"Dependencia jurisdiccional: UNIDAD JUDICIAL ESPECIALIZADA DE GARANTÍAS PENITENCIARIAS CON SEDE EN EL CANTÓN LATACUNGA
												Ciudad: LATACUNGA                                         
												"
6100,"Dependencia jurisdiccional: PRESIDENCIA CHIMBORAZO
												Ciudad: RIOBAMBA                                          
												"
6101,"Dependencia jurisdiccional: UNIDAD JUDICIAL FAMILIA, MUJER, NIÑEZ Y ADOLESCENCIA CON SEDE EN EL CANTÓN RIOBAMBA
												Ciudad: RIOBAMBA                                          
												"
6102,"Dependencia jurisdiccional: UNIDAD  JUDICIAL MULTICOMPETENTE CON SEDE EN EL CANTON ALAUSI
												Ciudad: ALAUSI                                            
												"
6201,"Dependencia jurisdiccional: SALA ESPECIALIZADA DE LO CIVIL,MERCANTIL,LABORAL, FAMILIA, NIÑEZ, ADOLESCENCIA Y ADOLESCENTES INFRACTORES DE LA CORTE PROVINCIAL DE JUSTICIA DE CHIMBORAZO
												Ciudad: RIOBAMBA                                          
												"
6202,"Dependencia jurisdiccional: SALA ESPECIALIZADA DE LO PENAL,PENAL MILITAR,PENAL POLICIAL Y TRÁNSITO DE LA CORTE PROVINCIAL DE JUSTICIA DE CHIMBORAZO
												Ciudad: RIOBAMBA                                          
												"
6243,No se encuentra
6281,No se encuentra
6282,"Dependencia jurisdiccional: UNIDAD JUDICIAL PENAL CON SEDE EN EL CANTÓN RIOBAMBA
												Ciudad: RIOBAMBA                                          
												"
6308,"Dependencia jurisdiccional: UNIDAD JUDICIAL MULTICOMPETENTE CON SEDE EN EL CANTÓN GUANO
												Ciudad: GUANO                                             
												"
6310,"Dependencia jurisdiccional: UNIDAD JUDICIAL MULTICOMPETENTE CON SEDE EN EL CANTÓN CHUNCHI
												Ciudad: CHUNCHI                                           
												"
6331,No se encuentra
6332,"Dependencia jurisdiccional: UNIDAD JUDICIAL MULTICOMPETENTE CON SEDE EN EL CANTÓN PALLATANGA
												Ciudad: PALLATANGA                                        
												"
6333,"Dependencia jurisdiccional: UNIDAD JUDICIAL  MULTICOMPETENTE CON SEDE EN EL CANTÓN GUAMOTE
												Ciudad: GUAMOTE                                           
												"
6334,"Dependencia jurisdiccional: UNIDAD JUDICIAL  MULTICOMPETENTE CON SEDE EN EL CANTÓN COLTA
												Ciudad: COLTA                                             
												"
6335,"Dependencia jurisdiccional: UNIDAD JUDICIAL CIVIL CON SEDE EN EL CANTÓN RIOBAMBA
												Ciudad: RIOBAMBA                                          
												"
6336,"Dependencia jurisdiccional: UNIDAD JUDICIAL MULTICOMPETENTE CON SEDE EN EL CANTÓN CUMANDA
												Ciudad: CUMANDA                                           
												"
6352,"Dependencia jurisdiccional: UNIDAD JUDICIAL DE TRABAJO CON SEDE EN EL CANTÓN RIOBAMBA
												Ciudad: RIOBAMBA                                          
												"
6571,No se encuentra
7100,"Dependencia jurisdiccional: PRESIDENCIA CORTE PROVINCIAL DE JUSTICIA DE EL ORO
												Ciudad: MACHALA                                           
												"
7112,"Dependencia jurisdiccional: SALA DE LO CIVIL DE LA CORTE PROVINCIAL DE EL ORO
												Ciudad: MACHALA                                           
												"
7113,"Dependencia jurisdiccional: SALA DE FAMILIA, MUJER, NIÑEZ Y ADOLESCENCIA DE LA CORTE PROVINCIAL DE EL ORO
												Ciudad: MACHALA                                           
												"
7121,"Dependencia jurisdiccional: SALA DE LO PENAL DE LA CORTE PROVINCIAL DE EL ORO
												Ciudad: MACHALA                                           
												"
7201,"Dependencia jurisdiccional: UNIDAD JUDICIAL DE FAMILIA, MUJER, NIÑEZ Y ADOLESCENCIA CON SEDE EN EL CANTÓN SANTA ROSA
												Ciudad: SANTA ROSA                                        
												"
7205,"Dependencia jurisdiccional: UNIDAD JUDICIAL DE FAMILIA, MUJER, NIÑEZ, ADOLESCENCIA Y ADOLESCENTES INFRACTORES CON SEDE EN EL CANTÓN MACHALA
												Ciudad: MACHALA                                           
												"
7206,"Dependencia jurisdiccional: UNIDAD JUDICIAL DE FAMILIA, MUJER, NIÑEZ Y ADOLESCENCIA CON SEDE EN EL CANTÓN PASAJE
												Ciudad: PASAJE                                            
												"
7254,No se encuentra
7257,"Dependencia jurisdiccional: UNIDAD JUDICIAL MULTICOMPETENTE PENAL CON SEDE EN EL CANTÓN SANTA ROSA
												Ciudad: SANTA ROSA                                        
												"
7258,"Dependencia jurisdiccional: UNIDAD JUDICIAL MULTICOMPETENTE PENAL CON SEDE EN EL CANTÓN PASAJE
												Ciudad: PASAJE                                            
												"
7259,"Dependencia jurisdiccional: UNIDAD JUDICIAL MULTICOMPETENTE PENAL CON SEDE EN EL CANTÓN EL GUABO
												Ciudad: EL GUABO                                          
												"
7281,"Dependencia jurisdiccional: UNIDAD JUDICIAL MULTICOMPETENTE PENAL CON SEDE EN EL CANTÓN HUAQUILLAS
												Ciudad: HUAQUILLAS                                        
												"
7283,"Dependencia jurisdiccional: UNIDAD JUDICIAL DE GARANTÍAS PENALES CON SEDE EN EL CANTÓN MACHALA
												Ciudad: MACHALA                                           
												"
7307,"Dependencia jurisdiccional: UNIDAD JUDICIAL CIVIL CON SEDE EN EL CANTÓN SANTA ROSA
												Ciudad: SANTA ROSA                                        
												"
7308,"Dependencia jurisdiccional: UNIDAD JUDICIAL MULTICOMPETENTE CON SEDE EN EL CANTÓN PIÑAS
												Ciudad: PIÑAS                                             
												"
7309,"Dependencia jurisdiccional: UNIDAD JUDICIAL MULTICOMPETENTE CON SEDE EN EL CANTÓN ARENILLAS
												Ciudad: ARENILLAS                                         
												"
7310,"Dependencia jurisdiccional: UNIDAD JUDICIAL MULTICOMPETENTE CON SEDE EN EL CANTÓN ATAHUALPA
												Ciudad: ATAHUALPA                                         
												"
7312,"Dependencia jurisdiccional: UNIDAD JUDICIAL MULTICOMPETENTE CON SEDE EN EL CANTÓN PORTOVELO
												Ciudad: PORTOVELO                                         
												"
7317,"Dependencia jurisdiccional: UNIDAD JUDICIAL MULTICOMPETENTE CIVIL CON SEDE EN EL CANTÓN EL GUABO
												Ciudad: EL GUABO                                          
												"
7331,"Dependencia jurisdiccional: UNIDAD JUDICIAL MULTICOMPETENTE CIVIL CON SEDE EN EL CANTÓN HUAQUILLAS
												Ciudad: HUAQUILLAS                                        
												"
7332,"Dependencia jurisdiccional: UNIDAD JUDICIAL MULTICOMPETENTE CON SEDE EN EL CANTÓN BALSAS
												Ciudad: BALSAS                                            
												"
7333,"Dependencia jurisdiccional: UNIDAD JUDICIAL CIVIL CON SEDE EN EL CANTÓN MACHALA
												Ciudad: MACHALA                                           
												"
7334,"Dependencia jurisdiccional: UNIDAD JUDICIAL CIVIL CON SEDE EN EL CANTÓN PASAJE
												Ciudad: PASAJE                                            
												"
7335,"Dependencia jurisdiccional: UNIDAD JUDICIAL MULTICOMPETENTE CON SEDE EN EL CANTÓN ZARUMA
												Ciudad: ZARUMA                                            
												"
7371,"Dependencia jurisdiccional: UNIDAD JUDICIAL DE TRABAJO CON SEDE EN EL CANTÓN MACHALA
												Ciudad: MACHALA                                           
												"
7710,"Dependencia jurisdiccional: UNIDAD JUDICIAL DE GARANTÍAS PENALES CON SEDE EN EL CANTÓN MACHALA
												Ciudad: MACHALA                                           
												"
7711,"Dependencia jurisdiccional: UNIDAD JUDICIAL DE FLAGRANCIAS DEL CANTÓN PASAJE
												Ciudad: PASAJE                                            
												"
7712,"Dependencia jurisdiccional: UNIDAD JUDICIAL DE FLAGRANCIAS DEL CANTÓN HUAQUILLAS
												Ciudad: HUAQUILLAS                                        
												"
8100,"Dependencia jurisdiccional: PRESIDENCIA
												Ciudad: ESMERALDAS                                        
												"
8101,"Dependencia jurisdiccional: SALA UNICA MULTICOMPETENTE DE LA CORTE PROVINCIAL DE ESMERALDAS
												Ciudad: ESMERALDAS                                        
												"
8201,"Dependencia jurisdiccional: UNIDAD JUDICIAL DE FAMILIA, MUJER, NIÑEZ Y ADOLESCENCIA DE ESMERALDAS
												Ciudad: ESMERALDAS                                        
												"
8244,"Dependencia jurisdiccional: TRIBUNAL DE GARANTÍAS PENALES CON SEDE EN EL CANTÓN ESMERALDAS
												Ciudad: ESMERALDAS                                        
												"
8256,"Dependencia jurisdiccional: UNIDAD JUDICIAL MULTICOMPETENTE DE SAN LORENZO
												Ciudad: SAN LORENZO                                       
												"
8257,"Dependencia jurisdiccional: UNIDAD JUDICIAL MULTICOMPETENTE CON SEDE EN LA PARROQUIA BORBÓN, DEL CANTÓN ELOY ALFARO, PROVINCIA DE ESMERALDAS
												Ciudad: ELOY ALFARO                                       
												"
8281,"Dependencia jurisdiccional: UNIDAD JUDICIAL MULTICOMPETENTE PENAL DEL CANTÓN QUININDÉ
												Ciudad: QUININDE                                          
												"
8282,"Dependencia jurisdiccional: UNIDAD JUDICIAL PENAL DE ESMERALDAS
												Ciudad: ESMERALDAS                                        
												"
8283,No se encuentra
8304,"Dependencia jurisdiccional: UNIDAD JUDICIAL MULTICOMPETENTE CON SEDE EN LA PARROQUIA VALDEZ DEL CANTO ELOY ALFARO, PROVINCIA DE ESMERALDAS
												Ciudad: ELOY ALFARO                                       
												"
8308,"Dependencia jurisdiccional: UNIDAD JUDICIAL MULTICOMPETENTE CON SEDE EN EL CANTÓN ATACAMES, PROVINCIA DE ESMERALDAS
												Ciudad: ATACAMES                                          
												"
8309,"Dependencia jurisdiccional: UNIDAD JUDICIAL MULTICOMPETENTE CON SEDE EN EL CANTÓN MUISNE, PROVINCIA DE ESMERALDAS
												Ciudad: MUISNE                                            
												"
8331,"Dependencia jurisdiccional: UNIDAD JUDICIAL CIVIL DE ESMERALDAS
												Ciudad: ESMERALDAS                                        
												"
8332,"Dependencia jurisdiccional: UNIDAD JUDICIAL MULTICOMPETENTE CIVIL DE QUININDÉ
												Ciudad: QUININDE                                          
												"
8371,"Dependencia jurisdiccional: UNIDAD JUDICIAL DE TRABAJO CON SEDE EN CANTÓN ESMERALDAS, PROVINCIA DE ESMERALDAS
												Ciudad: ESMERALDAS                                        
												"
9100,"Dependencia jurisdiccional: PRESIDENCIA
												Ciudad: GUAYAQUIL                                         
												"
9124,"Dependencia jurisdiccional: SALA ESPECILIZADA DE LO PENAL, PENAL MILITAR, PENAL POLICIAL Y TRÁNSITO DE LA CORTE PROVINCIAL DE JUSTICIA DE GUAYAS
												Ciudad: GUAYAQUIL                                         
												"
9141,"Dependencia jurisdiccional: SALA ESPECIALIZADA DE LA FAMILIA, NIÑEZ, ADOLESCENCIA, ADOLESCENTES INFRACTORES DE LA CORTE PROVINCIAL DE JUSTICIA DE GUAYAS
												Ciudad: GUAYAQUIL                                         
												"
9201,"Dependencia jurisdiccional: UNIDAD JUDICIAL NORTE 2 DE FAMILIA, MUJER, NIÑEZ Y ADOLESCENCIA CON SEDE EN EL CANTÓN GUAYAQUIL, PROVINCIA DEL GUAYAS
												Ciudad: GUAYAQUIL                                         
												"
9202,"Dependencia jurisdiccional: UNIDAD JUDICIAL DE FAMILIA, MUJER, NINEZ Y ADOLESCENCIA CON SEDE EN EL CANTÓN MILAGRO
												Ciudad: MILAGRO                                           
												"
9204,"Dependencia jurisdiccional: UNIDAD JUDICIAL MULTICOMPETENTE CIVIL CON SEDE EN EL CANTÓN EMPALME PROV. DEL GUAYAS
												Ciudad: EL EMPALME                                        
												"
9206,No se encuentra
9208,"Dependencia jurisdiccional: UNIDAD JUDICIAL SUR DE FAMILIA, MUJER, NIÑEZ Y ADOLESCENCIA
												Ciudad: GUAYAQUIL                                         
												"
9209,"Dependencia jurisdiccional: UNIDAD JUDICIAL NORTE 1 DE FAMILIA, MUJER, NIÑEZ Y ADOLESCENCIA CON SEDE EN EL CANTÓN GUAYAQUIL, PROVINCIA DEL GUAYAS
												Ciudad: GUAYAQUIL                                         
												"
9210,"Dependencia jurisdiccional: UNIDAD JUDICIAL FAMILIA, MUJER, NIÑEZ Y ADOLESCENCIA  CON SEDE EN EL CANTÓN DURÁN
												Ciudad: DURAN                                             
												"
9211,"Dependencia jurisdiccional: UNIDAD JUDICIAL MULTICONPETENTE CON SEDE EN EL CANTÓN BUCAY
												Ciudad: GRAL. ANTONIO ELIZALDE (BUCAY)                    
												"
9212,"Dependencia jurisdiccional: UNIDAD JUDICIAL MULTICOMPETENTE CON SEDE EN EL CANTÓN NARANJITO
												Ciudad: NARANJITO                                         
												"
9266,"Dependencia jurisdiccional: UNIDAD JUDICIAL MULTICOMPETENTE PENAL CON SEDE EN EL CANTÓN DAULE
												Ciudad: DAULE                                             
												"
9267,"Dependencia jurisdiccional: UNIDAD JUDICIAL MULTICOMPETENTE PENAL CON SEDE EN EL CANTÓN NARANJAL
												Ciudad: NARANJAL                                          
												"
9272,"Dependencia jurisdiccional: UNIDAD JUDICIAL MULTICOMPETENTE PENAL CON SEDE EN EL CANTÓN EL EMPALME, PROV. DEL GUAYAS
												Ciudad: EL EMPALME                                        
												"
9281,"Dependencia jurisdiccional: UNIDAD JUDICIAL DE GARANTÍAS PENALES CON COMPETENCIA EN DELITOS FLAGRANTES DE GUAYAQUIL PROVINCIA DE GUAYAS
												Ciudad: GUAYAQUIL                                         
												"
9283,No se encuentra
9284,"Dependencia jurisdiccional: UNIDAD JUDICIAL SUR PENAL CON SEDE EN EL CANTÓN GUAYAQUIL, PROVINCIA DEL GUAYAS
												Ciudad: GUAYAQUIL                                         
												"
9285,"Dependencia jurisdiccional: UNIDAD JUDICIAL NORTE 1 PENAL CON SEDE EN EL CANTÓN GUAYAQUIL, PROVINCIA DEL GUAYAS
												Ciudad: GUAYAQUIL                                         
												"
9286,"Dependencia jurisdiccional: UNIDAD JUDICIAL NORTE 2 PENAL CON SEDE EN EL CANTÓN GUAYAQUIL, PROVINCIA DEL GUAYAS
												Ciudad: GUAYAQUIL                                         
												"
9287,"Dependencia jurisdiccional: UNIDAD JUDICIAL PENAL CON SEDE EN EL CANTÓN DURÁN
												Ciudad: DURAN                                             
												"
9288,"Dependencia jurisdiccional: UNIDAD JUDICIAL PENAL CON SEDE EN EL CANTÓN MILAGRO
												Ciudad: MILAGRO                                           
												"
9289,No se encuentra
9290,"Dependencia jurisdiccional: UNIDAD JUDICIAL MULTICOMPETENTE PENAL CON SEDE EN EL CANTÓN PLAYAS, PROVINCIA DE GUAYAS
												Ciudad: PLAYAS                                            
												"
9291,No se encuentra
9292,"Dependencia jurisdiccional: UNIDAD JUDICIAL SUR PENAL CON SEDE EN EL CANTÓN GUAYAQUIL, PROVINCIA DEL GUAYAS
												Ciudad: GUAYAQUIL                                         
												"
9315,"Dependencia jurisdiccional: UNIDAD JUDICIAL CIVIL CON SEDE EN EL CANTÓN DAULE
												Ciudad: DAULE                                             
												"
9318,"Dependencia jurisdiccional: UNIDAD JUDICIAL MULTICOMPETENTE CON SEDE EN EL CANTÓN SAN JACINTO DE YAGUACHI, PROVINCIA DEL GUAYAS
												Ciudad: SAN JACINTO DE YAGUACHI                           
												"
9319,"Dependencia jurisdiccional: UNIDAD JUDICIAL MULTICOMPETENTE CIVIL CON SEDE EN EL CANTÓN NARANJAL
												Ciudad: NARANJAL                                          
												"
9320,"Dependencia jurisdiccional: UNIDAD JUDICIAL MULTICOMPETENTE CON SEDE EN EL CANTÓN BALZAR
												Ciudad: BALZAR                                            
												"
9322,"Dependencia jurisdiccional: UNIDAD JUDICIAL MULTICOMPETENTE CON SEDE EN EL CANTÓN SALITRE DE LA PROVINCIA DEL GUAYAS
												Ciudad: SALITRE (URBINA JADO)                             
												"
9326,"Dependencia jurisdiccional: UNIDAD JUDICIAL MULTICOMPETENTE CON SEDE EN EL CANTÓN NARANJITO
												Ciudad: NARANJITO                                         
												"
9327,"Dependencia jurisdiccional: UNIDAD JUDICIAL MULTICOMPETENTE  CON SEDE EN EL CANTÓN EL TRIUNFO
												Ciudad: EL TRIUNFO                                        
												"
9330,"Dependencia jurisdiccional: UNIDAD JUDICIAL CIVIL CON SEDE EN EL CANTÓN DURÁN
												Ciudad: DURAN                                             
												"
9332,"Dependencia jurisdiccional: UNIDAD JUDICIAL CIVIL CON SEDE EN EL CANTÓN GUAYAQUIL
												Ciudad: GUAYAQUIL                                         
												"
9333,"Dependencia jurisdiccional: UNIDAD JUDICIAL MULTICOMPETENTE CON SEDE EN EL CANTÓN SAMBORONDÓN, PROVINCIA DEL GUAYAS
												Ciudad: SAMBORONDON                                       
												"
9334,"Dependencia jurisdiccional: UNIDAD JUDICIAL MULTICOMPETENTE CIVIL CON SEDE EN EL CANTÓN PLAYAS
												Ciudad: PLAYAS                                            
												"
9335,"Dependencia jurisdiccional: UNIDAD JUDICIAL CIVIL CON SEDE EN EL CANTÓN MILAGRO
												Ciudad: MILAGRO                                           
												"
9337,"Dependencia jurisdiccional: UNIDAD JUDICIAL MULTICOMPETENTE CON SEDE EN EL CANTON PEDRO CARBO DE LA PROVINCIA GUAYAS
												Ciudad: PEDRO CARBO                                       
												"
9356,"Dependencia jurisdiccional: UNIDAD JUDICIAL DE TRABAJO CON SEDE EN EL CANTÓN MILAGRO
												Ciudad: MILAGRO                                           
												"
9359,"Dependencia jurisdiccional: UNIDAD JUDICIAL DE TRABAJO  CON SEDE EN EL CANTÓN GUAYAQUIL, PROVINCIA DEL GUAYAS
												Ciudad: GUAYAQUIL                                         
												"
9459,No se encuentra
9501,"Dependencia jurisdiccional: TRIBUNAL DISTRITAL DE LO CONTENCIOSO TRIBUTARIO CON SEDE EN EL CANTÓN GUAYAQUIL, PROVINCIA DEL GUAYAS
												Ciudad: GUAYAQUIL                                         
												"
9571,No se encuentra
9572,No se encuentra
9573,No se encuentra
9574,No se encuentra
9802,"Dependencia jurisdiccional: TRIBUNAL DISTRITAL DE LO CONTENCIOSO ADMINISTRATIVO CON SEDE EN EL CANTÓN GUAYAQUIL, PROVINCIA DEL GUAYAS
												Ciudad: GUAYAQUIL                                         
												"
9965,"Dependencia jurisdiccional: UNIDAD JUDICIAL DE ADOLESCENTES INFRACTORES CON SEDE EN EL CANTÓN GUAYAQUIL, PROVINCIA DEL GUAYAS
												Ciudad: GUAYAQUIL                                         
												"
9969,"Dependencia jurisdiccional: UNIDAD JUDICIAL DE FAMILIA, MUJER, NIÑEZ Y ADOLESCENCIA CON SEDE EN EL CANTÓN DAULE
												Ciudad: DAULE                                             
												"
09U01,"Dependencia jurisdiccional: UNIDAD JUDICIAL ESPECIALIZADA DE GARANTÍAS PENITENCIARIAS CON SEDE EN EL CANTÓN GUAYAQUIL
												Ciudad: GUAYAQUIL                                         
												"
10103,"Dependencia jurisdiccional: SALA MULTICOMPETENTE DE LA CORTE PROVINCIAL DE IMBABURA
												Ciudad: IBARRA                                            
												"
10201,"Dependencia jurisdiccional: UNIDAD JUDICIAL DE FAMILIA, MUJER, NIÑEZ Y ADOLESCENCIA Y ADOLESCENTES INFRACTORES CON SEDE EN EL CANTÓN OTAVALO
												Ciudad: OTAVALO                                           
												"
10281,"Dependencia jurisdiccional: UNIDAD JUDICIAL DE GARANTÍAS PENALES CON SEDE EN EL CANTÓN IBARRA
												Ciudad: IBARRA                                            
												"
10282,"Dependencia jurisdiccional: UNIDAD JUDICIAL DE GARANTÍAS PENALES CON SEDE EN EL CANTÓN OTAVALO
												Ciudad: OTAVALO                                           
												"
10309,"Dependencia jurisdiccional: UNIDAD JUDICIAL MULTICOMPETENTE CON SEDE EN EL CANTÓN ANTONIO ANTE
												Ciudad: ANTONIO ANTE                                      
												"
10310,"Dependencia jurisdiccional: UNIDAD JUDICIAL MULTICOMPETENTE CON SEDE EN EL CANTÓN PIMAMPIRO, PROVINCIA DE IMBABURA
												Ciudad: PIMAMPIRO                                         
												"
10311,"Dependencia jurisdiccional: UNIDAD JUDICIAL CIVIL CON SEDE EN EL CANTÓN OTAVALO, PROVINCIA DE IMBABURA
												Ciudad: OTAVALO                                           
												"
10332,"Dependencia jurisdiccional: UNIDAD JUDICIAL MULTICOMPETENTE PENAL CON SEDE EN EL CANTÓN COTACACHI
												Ciudad: COTACACHI                                         
												"
10333,"Dependencia jurisdiccional: UNIDAD JUDICIAL MULTICOMPETENTE CIVIL CON SEDE EN EL CANTÓN IBARRA
												Ciudad: IBARRA                                            
												"
10334,"Dependencia jurisdiccional: UNIDAD JUDICIAL MULTICOMPETENTE CON SEDE EN EL CANTÓN URCUQUI
												Ciudad: SAN MIGUEL DE URCUQUI                             
												"
10571,"Dependencia jurisdiccional: UNIDAD JUDICIAL ESPECIALIZADA DE VIOLENCIA CONTRA LA MUJER O MIEMBROS DEL NUCLEO FAMILIAR E INFRACCIONES CONTRA LA INTEGRIDAD SEXUAL Y REPRODUCTIVA DE OTAVALO
												Ciudad: OTAVALO                                           
												"
10572,No se encuentra
11111,"Dependencia jurisdiccional: SALA ESPECIALIZADA DE LO CIVIL, MERCANTIL, LABORAL, FAMILIA, NIÑEZ, ADOLESCENCIA Y ADOLESCENTES INFRACTORES DE LA CORTE PROVINCIAL DE JUSTICIA DE LOJA
												Ciudad: LOJA                                              
												"
11202,No se encuentra
11203,"Dependencia jurisdiccional: UNIDAD JUDICIAL DE FAMILIA, MUJER, NINEZ Y ADOLESCENCIA CON SEDE EN EL CANTÓN LOJA, PROVINCIA DE LOJA
												Ciudad: LOJA                                              
												"
11256,No se encuentra
11257,No se encuentra
11258,"Dependencia jurisdiccional: UNIDAD JUDICIAL MULTICOMPETENTE  PENAL CON SEDE EN EL CANTÓN CATAMAYO PROVINCIA DE LOJA
												Ciudad: CATAMAYO                                          
												"
11259,No se encuentra
11281,No se encuentra
11282,"Dependencia jurisdiccional: UNIDAD JUDICIAL PENAL CON SEDE EN EL CANTÓN LOJA PROVINCIA DE LOJA
												Ciudad: LOJA                                              
												"
11283,No se encuentra
11308,"Dependencia jurisdiccional: UNIDAD JUDICIAL MULTICOMPETENTE CON SEDE EN EL CANTON GONZANAMA PROVINCIA DE LOJA
												Ciudad: GONZANAMA                                         
												"
11310,"Dependencia jurisdiccional: UNIDAD JUDICIAL MULTICOMPETENTE CON SEDE EN EL CANTÓN ESPÍNDOLA PROVINCIA DE LOJA
												Ciudad: ESPINDOLA                                         
												"
11313,"Dependencia jurisdiccional: UNIDAD JUDICIAL MULTICOMPETENTE CON SEDE EN EL CANTÓN SARAGURO PROVINCIA DE LOJA
												Ciudad: SARAGURO                                          
												"
11314,"Dependencia jurisdiccional: UNIDAD JUDICIAL MULTICOMPETENTE CON SEDE EN EL CANTÓN PALTAS PROVINCIA DE LOJA
												Ciudad: PALTAS                                            
												"
11316,No se encuentra
11317,"Dependencia jurisdiccional: UNIDAD JUDICIAL  MULTICOMPETENTE CON SEDE EN EL CANTÓN PUYANGO, PROVINCIA DE LOJA
												Ciudad: PUYANGO                                           
												"
11318,"Dependencia jurisdiccional: UNIDAD JUDICIAL MULTICOMPETENTE CON SEDE EN EL  CANTÓN ZAPOTILLO PROVINCIA DE LOJA
												Ciudad: ZAPOTILLO                                         
												"
11320,"Dependencia jurisdiccional: UNIDAD JUDICIAL MULTICOMPETENTE CON SEDE EN EL CANTÓN PINDAL PROVINCIA DE LOJA
												Ciudad: PINDAL                                            
												"
11331,"Dependencia jurisdiccional: UNIDAD JUDICIAL MULTICOMPETENTE CIVIL CON SEDE EN EL CANTÓN CATAMAYO, PROVINCIA DE LOJA
												Ciudad: CATAMAYO                                          
												"
11332,"Dependencia jurisdiccional: UNIDAD JUDICIAL MULTICOMPETENTE CON SEDE EN EL CANTÓN MACARÁ, PROVINCIA DE LOJA
												Ciudad: MACARA                                            
												"
11333,"Dependencia jurisdiccional: UNIDAD JUDICIAL CIVIL CON SEDE EN EL CANTÓN LOJA, PROVINCIA DE LOJA
												Ciudad: LOJA                                              
												"
11334,No se encuentra
11335,"Dependencia jurisdiccional: UNIDAD JUDICIAL MULTICOMPETENTE CON SEDE EN EL CANTÓN CALVAS, PROVINCIA DE LOJA
												Ciudad: CALVAS                                            
												"
11336,"Dependencia jurisdiccional: UNIDAD JUDICIAL MULTICOMPETENTE CON SEDE EN EL CANTÓN CÉLICA, PROVINCIA DE LOJA
												Ciudad: CELICA                                            
												"
11337,"Dependencia jurisdiccional: UNIDAD JUDICIAL MULTICOMPETENTE CON SEDE EN EL CANTÓN CHAGUARPAMBA, PROVINCIA DE LOJA
												Ciudad: CHAGUARPAMBA                                      
												"
11371,"Dependencia jurisdiccional: UNIDAD JUDICIAL DE TRABAJO CON SEDE EN EL CANTÓN LOJA, PROVINCIA DE LOJA
												Ciudad: LOJA                                              
												"
11571,No se encuentra
11803,No se encuentra
11804,"Dependencia jurisdiccional: TRIBUNAL DE LO CONTENCIOSO ADMINISTRATIVO Y TRIBUTARIO CON SEDE EN EL CANTÓN LOJA, PROVINCIA DE LOJA
												Ciudad: LOJA                                              
												"
12100,"Dependencia jurisdiccional: PRESIDENCIA CORTE PROVINCIAL DE LOS RIOS
												Ciudad: BABAHOYO                                          
												"
12103,"Dependencia jurisdiccional: SALA MULTICOMPETENTE DE LA CORTE PROVINCIAL DE JUSTICIA DE LOS RIOS CON SEDE EN EL CANTÓN BABAHOYO
												Ciudad: BABAHOYO                                          
												"
12201,"Dependencia jurisdiccional: UNIDAD JUDICIAL DE FAMILIA, MUJER, NIÑEZ Y ADOLESCENCIA CON SEDE EN EL CANTÓN BABAHOYO
												Ciudad: BABAHOYO                                          
												"
12202,"Dependencia jurisdiccional: UNIDAD JUDICIAL DE ADOLESCENTES INFRACTORES CON SEDE EN EL CANTÓN BABAHOYO, PROVINCIA
												Ciudad: BABAHOYO                                          
												"
12203,"Dependencia jurisdiccional: UNIDAD JUDICIAL DE FAMILIA, MUJER, NIÑEZ Y ADOLESCENCIA CON SEDE EN EL CANTÓN QUEVEDO, PROVINCIAL
												Ciudad: QUEVEDO                                           
												"
12204,No se encuentra
12281,"Dependencia jurisdiccional: UNIDAD JUDICIAL MULTICOMPETENTE PENAL CON SEDE EN EL CANTÓN VENTANAS
												Ciudad: VENTANAS                                          
												"
12282,"Dependencia jurisdiccional: UNIDAD JUDICIAL PENAL CON SEDE EN EL CANTÓN BABAHOYO
												Ciudad: BABAHOYO                                          
												"
12309,"Dependencia jurisdiccional: UNIDAD JUDICIAL MULTICOMPETENTE CIVIL CON SEDE EN EL CANTÓN VENTANAS
												Ciudad: VENTANAS                                          
												"
12310,"Dependencia jurisdiccional: UNIDAD JUDICIAL MULTICOMPETENTE CON SEDE EN EL CANTÓN URDANETA, PROVINCIA
												Ciudad: URDANETA                                          
												"
12312,"Dependencia jurisdiccional: UNIDAD JUDICIAL MULTICOMPETENTE CON SEDE EN EL CANTÓN BABA
												Ciudad: BABA                                              
												"
12313,"Dependencia jurisdiccional: UNIDAD JUDICIAL MULTICOMPETENTE CON SEDE EN EL CANTÓN MONTALVO, PROVINCIA
												Ciudad: MONTALVO                                          
												"
12331,"Dependencia jurisdiccional: UNIDAD JUDICIAL CIVIL CON SEDE EN EL CANTÓN  QUEVEDO, PROVINCIA DE LOS RIOS
												Ciudad: QUEVEDO                                           
												"
12332,"Dependencia jurisdiccional: UNIDAD JUDICIAL MULTICOMPETENTE CON SEDE EN EL CANTÓN PUEBLOVIEJO
												Ciudad: PUEBLOVIEJO                                       
												"
12333,"Dependencia jurisdiccional: UNIDAD JUDICIAL MULTICOMPETENTE CON SEDE EN EL CANTÓN VINCES
												Ciudad: VINCES                                            
												"
12334,"Dependencia jurisdiccional: UNIDAD JUDICIAL CIVIL CON SEDE EN EL CANTÓN BABAHOYO
												Ciudad: BABAHOYO                                          
												"
12335,"Dependencia jurisdiccional: UNIDAD JUDICIAL MULTICOMPETENTE CON SEDE EN EL CANTÓN MOCACHE
												Ciudad: MOCACHE                                           
												"
12336,"Dependencia jurisdiccional: UNIDAD JUDICIAL MULTICOMPETENTE CON SEDE EN EL CANTÓN VALENCIA
												Ciudad: VALENCIA                                          
												"
12371,"Dependencia jurisdiccional: UNIDAD JUDICIAL DE TRABAJO CON SEDE EN EL CANTÓN QUEVEDO, PROVINCIA DE LOS RIOS
												Ciudad: QUEVEDO                                           
												"
12571,No se encuentra
12572,No se encuentra
13100,"Dependencia jurisdiccional: PRESIDENCIA
												Ciudad: PORTOVIEJO                                        
												"
13124,"Dependencia jurisdiccional: SALA ESPECIALIZADA DE LO PENAL, PENAL MILITAR, PENAL POLICIAL Y TRANSITO DE LA CORTE PROVINCIAL DE JUSTICIA DE MANABI
												Ciudad: PORTOVIEJO                                        
												"
13141,"Dependencia jurisdiccional: SALA ESPECIALIZADA DE LA FAMILIA, NIÑEZ, ADOLESCENCIA Y ADOLESCENTES INFRACTORES DE LA CORTE PROVINCIAL DE JUSTICIA DE MANABI
												Ciudad: PORTOVIEJO                                        
												"
13201,No se encuentra
13202,No se encuentra
13203,"Dependencia jurisdiccional: UNIDAD JUDICIAL DE FMNA DE CHONE
												Ciudad: CHONE                                             
												"
13204,"Dependencia jurisdiccional: UNIDAD JUDICIAL DE FMNA DE PORTOVIEJO
												Ciudad: PORTOVIEJO                                        
												"
13205,"Dependencia jurisdiccional: UNIDAD JUDICIAL DE FAMILIA, MUJER, NIÑEZ, ADOLESCENCIA Y ADOLESCENTES INFRACTORES CON SEDE EN EL CANTÓN MANTA
												Ciudad: MANTA                                             
												"
13253,"Dependencia jurisdiccional: UNIDAD JUDICIAL MULTICOMPETENTE PENAL CON SEDE EN EL CANTÓN SUCRE, PROVINCIA DE MANABI
												Ciudad: SUCRE                                             
												"
13259,"Dependencia jurisdiccional: UNIDAD JUDICIAL MULTICOMPETENTE PENAL CON SEDE EN EL CANTÓN EL CARMEN
												Ciudad: EL CARMEN                                         
												"
13260,No se encuentra
13266,"Dependencia jurisdiccional: UNIDAD JUDICIAL MULTICOMPETENTE CON SEDE EN EL CANTÓN SANTA ANA
												Ciudad: SANTA ANA                                         
												"
13267,"Dependencia jurisdiccional: UNIDAD JUDICIAL MULTICOMPETENTE CON SEDE EN EL CANTÓN JUNIN
												Ciudad: JUNIN                                             
												"
13281,"Dependencia jurisdiccional: UNIDAD JUDICIAL MULTICOMPETENTE PENAL CON SEDE EN EL CANTÓN JIPIJAPA
												Ciudad: JIPIJAPA                                          
												"
13282,"Dependencia jurisdiccional: UNIDAD JUDICIAL DE GARANTÍAS PENALES CON SEDE EN EL CANTÓN CHONE
												Ciudad: CHONE                                             
												"
13283,"Dependencia jurisdiccional: UNIDAD JUDICIAL PENAL DE PORTOVIEJO
												Ciudad: PORTOVIEJO                                        
												"
13284,"Dependencia jurisdiccional: UNIDAD JUDICIAL PENAL DE MANTA
												Ciudad: MANTA                                             
												"
13313,"Dependencia jurisdiccional: UNIDAD JUDICIAL MULTICOMPETENTE CON SEDE EN EL CANTÓN BOLIVAR
												Ciudad: BOLIVAR                                           
												"
13314,"Dependencia jurisdiccional: UNIDAD JUDICIAL MULTICOMPETENTE CIVIL CON SEDE EN EL CANTÓN ROCAFUERTE
												Ciudad: ROCAFUERTE                                        
												"
13317,"Dependencia jurisdiccional: UNIDAD JUDICIAL MULTICOMPETENTE EN MATERIAS NO PENALES Y ADOLESCENTES INFRACTORES CON SEDE EN EL CANTÓN PAJAN, PROVINCIA DE MANABÍ
												Ciudad: PAJAN                                             
												"
13320,"Dependencia jurisdiccional: UNIDAD JUDICIAL MULTICOMPETENTE CON SEDE EN EL CANTÓN TOSAGUA
												Ciudad: TOSAGUA                                           
												"
13322,"Dependencia jurisdiccional: UNIDAD JUDICIAL MULTICOMPETENTE CON SEDE EN EL CANTÓN FLAVIO ALFARO
												Ciudad: FLAVIO ALFARO                                     
												"
13331,"Dependencia jurisdiccional: UNIDAD JUDICIAL MULTICOMPETENTE CIVIL CON SEDE EN EL CANTÓN JIPIJAPA, PROVINCIA DE MANABI
												Ciudad: JIPIJAPA                                          
												"
13332,"Dependencia jurisdiccional: UNIDAD JUDICIAL MULTICOMPETENTE CIVIL CON SEDE EN EL CANTÓN CHONE, PROVINCIA DE MANABI
												Ciudad: CHONE                                             
												"
13333,"Dependencia jurisdiccional: UNIDAD JUDICIAL MULTICOMPETENTE CON SEDE EN EL CANTÓN PICHINCHA
												Ciudad: PICHINCHA                                         
												"
13334,"Dependencia jurisdiccional: UNIDAD JUDICIAL CIVIL DE PORTOVIEJO
												Ciudad: PORTOVIEJO                                        
												"
13335,"Dependencia jurisdiccional: UNIDAD JUDICIAL MULTICOMPETENTE CIVIL CON SEDE EN EL CANTÓN EL CARMEN
												Ciudad: EL CARMEN                                         
												"
13336,"Dependencia jurisdiccional: UNIDAD JUDICIAL CIVIL CON SEDE EN EL CANTÓN SUCRE
												Ciudad: SUCRE                                             
												"
13337,"Dependencia jurisdiccional: UNIDAD JUDICIAL CIVIL CON SEDE EN EL CANTÓN MANTA
												Ciudad: MANTA                                             
												"
13338,"Dependencia jurisdiccional: UNIDAD JUDICIAL MULTICOMPETENTE PENAL CON SEDE EN EL CANTON MONTECRISTI, PROVINCIA DE MANABI
												Ciudad: MONTECRISTI                                       
												"
13339,"Dependencia jurisdiccional: UNIDAD JUDICIAL MULTICOMPETENTE CON EL SEDE EN EL CANTÓN JAMA
												Ciudad: JAMA                                              
												"
13340,"Dependencia jurisdiccional: UNIDAD JUDICIAL MULTICOMPETENTE CON SEDE EN EL CANTÓN PEDERNALES
												Ciudad: PEDERNALES                                        
												"
13354,"Dependencia jurisdiccional: UNIDAD JUDICIAL DEL TRABAJO CON SEDE EN EL CANTÓN MANTA
												Ciudad: MANTA                                             
												"
13371,"Dependencia jurisdiccional: UNIDAD JUDICIAL LABORAL DE PORTOVIEJO
												Ciudad: PORTOVIEJO                                        
												"
13453,No se encuentra
13571,No se encuentra
13572,No se encuentra
13573,No se encuentra
13574,No se encuentra
13802,"Dependencia jurisdiccional: TRIBUNAL CONTENCIOSO ADMINISTRATIVO Y TRIBUTARIO CON SEDE EN EL CANTÓN PORTOVIEJO
												Ciudad: PORTOVIEJO                                        
												"
13959,"Dependencia jurisdiccional: UNIDAD JUDICIAL FMNA  Y ADOLESCENTES INFRACTORES DEL CANTÓN SUCRE
												Ciudad: SUCRE                                             
												"
13U01,"Dependencia jurisdiccional: UNIDAD JUDICIAL MULTICOMPETENTE CON SEDE EN EL CANTON PUERTO LOPEZ, PROVINCIA DE MANABI
												Ciudad: PUERTO LOPEZ                                      
												"
13U02,"Dependencia jurisdiccional: UNIDAD JUDICIAL ESPECIALIZADA DE GARANTÍAS PENITENCIARIAS CON SEDE EN EL CANTÓN PORTOVIEJO
												Ciudad: PORTOVIEJO                                        
												"
14101,"Dependencia jurisdiccional: PRESIDENCIA
												Ciudad: MORONA                                            
												"
14201,"Dependencia jurisdiccional: UNIDAD JUDICIAL  DE  FAMILIA  MUJER NIÑEZ Y ADOLESCENCIA CON SEDE EN EL CANTÓN  MORONA, PROVINCIA DE MORONA SANTIAGO
												Ciudad: MORONA                                            
												"
14241,"Dependencia jurisdiccional: TRIBUNAL DE GARANTÍAS PENALES
												Ciudad: MORONA                                            
												"
14254,"Dependencia jurisdiccional: UNIDAD JUDICIAL  MULTICOMPETENTE CON SEDE EN EL CANTÓN SANTIAGO DE MENDEZ
												Ciudad: MENDEZ                                            
												"
14255,"Dependencia jurisdiccional: UNIDAD JUDICIAL PENAL CON SEDE EN EL CANTÓN MORONA
												Ciudad: MORONA                                            
												"
14256,"Dependencia jurisdiccional: UNIDAD JUDICIAL MULTICOMPETENTE CON SEDE EN EL CANTÓN GUALAQUIZA
												Ciudad: GUALAQUIZA                                        
												"
14302,"Dependencia jurisdiccional: UNIDAD JUDICIAL MULTICOMPETENTE CON SEDE EN EL CANTÓN LIMON INDANZA
												Ciudad: GENERAL PLAZA                                     
												"
14303,No se encuentra
14304,"Dependencia jurisdiccional: UNIDAD JUDICIAL MULTICOMPETENTE DE SUCÚA
												Ciudad: SUCÚA                                             
												"
14305,"Dependencia jurisdiccional: UNIDAD JUDICIAL  MULTICOMPETENTE CON SEDE EN EL CANTÓN PALORA
												Ciudad: PALORA                                            
												"
14307,"Dependencia jurisdiccional: UNIDAD JUDICIAL CIVIL CON SEDE EN EL CANTÓN MORONA
												Ciudad: MORONA                                            
												"
15123,"Dependencia jurisdiccional: UNIDAD JUDICIAL MULTICOMPETENTE CON SEDE EN EL CANTÓN QUIJOS
												Ciudad: BAEZA                                             
												"
15241,"Dependencia jurisdiccional: TRIBUNAL DE GARANTÍAS PENALES
												Ciudad: TENA                                              
												"
15281,"Dependencia jurisdiccional: UNIDAD JUDICIAL PENAL CON SEDE EN EL CANTÓN TENA
												Ciudad: TENA                                              
												"
15301,"Dependencia jurisdiccional: UNIDAD JUDICIAL CIVIL CON SEDE EN EL CANTÓN TENA
												Ciudad: TENA                                              
												"
15951,"Dependencia jurisdiccional: UNIDAD JUDICIAL DE FAMILIA, MUJER, NIÑEZ Y ADOLESCENCIA CON SEDE EN EL CANTÓN TENA
												Ciudad: TENA                                              
												"
16201,"Dependencia jurisdiccional: UNIDAD JUDICIAL DE LA FAMILIA, MUJER, NIÑEZ Y ADOLESCENCIA CON SEDE EN EL CANTÓN PASTAZA
												Ciudad: PASTAZA                                           
												"
16281,"Dependencia jurisdiccional: UNIDAD JUDICIAL PENAL CON SEDE EN EL CANTÓN PASTAZA
												Ciudad: PASTAZA                                           
												"
16331,"Dependencia jurisdiccional: UNIDAD JUDICIAL CIVIL CON SEDE EN EL CANTÓN PASTAZA
												Ciudad: PASTAZA                                           
												"
16571,No se encuentra
17100,"Dependencia jurisdiccional: PRESIDENCIA
												Ciudad: QUITO                                             
												"
17151,No se encuentra
17154,No se encuentra
17159,"Dependencia jurisdiccional: UNIDAD JUDICIAL DE CONTRAVENCIONES DE TRÁNSITO CARAPUNGO
												Ciudad: QUITO                                             
												"
17160,"Dependencia jurisdiccional: UNIDAD JUDICIAL DE CONTRAVENCIONES  PENALES Y DE TRÁNSITO TUMBACO
												Ciudad: QUITO                                             
												"
17161,No se encuentra
17201,"Dependencia jurisdiccional: UNIDAD JUDICIAL DE FAMILIA, MUJER, NIÑEZ Y ADOLESCENCIA DEL CANTÓN CAYAMBE DE LA PROVINCIA
												Ciudad: CAYAMBE                                           
												"
17203,"Dependencia jurisdiccional: UNIDAD JUDICIAL DE FAMILIA, MUJER, NIÑEZ  y ADOLESCENCIA CON SEDE EN LA PARROQUIA MARISCAL SUCRE DEL DISTRITO METROPOLITANO DE QUITO, PROVINCIA DE PICHINCHA
												Ciudad: QUITO                                             
												"
17204,"Dependencia jurisdiccional: UNIDAD JUDICIAL DE FAMILIA, MUJER, NIÑEZ  y ADOLESCENCIA CON SEDE EN LA PARROQUIA IÑAQUITO DEL DISTRITO METROPOLITANO DE QUITO, PROVINCIA DE PICHINCHA
												Ciudad: QUITO                                             
												"
17205,"Dependencia jurisdiccional: UNIDAD JUDICIAL DE FAMILIA, MUJER, NIÑEZ Y ADOLESCENCIA CON SEDE EN EL CANTÓN RUMIÑAHUI, PROVINCIA DE PICHINCHA
												Ciudad: RUMIÑAHUI                                         
												"
17230,"Dependencia jurisdiccional: UNIDAD JUDICIAL CIVIL CON SEDE EN LA PARROQUIA IÑAQUITO DEL DISTRITO METROPOLITANO DE QUITO, PROVINCIA DE PICHINCHA
												Ciudad: QUITO                                             
												"
17231,"Dependencia jurisdiccional: UNIDAD JUDICIAL CIVIL CON SEDE EN EL CANTÓN RUMIÑAHUI, PROVINCIA DE PICHINCHA
												Ciudad: RUMIÑAHUI                                         
												"
17232,"Dependencia jurisdiccional: UNIDAD JUDICIAL MULTICOMPETENTE CON SEDE EN EL CANTÓN PUERTO QUITO
												Ciudad: PUERTO QUITO                                      
												"
17233,"Dependencia jurisdiccional: UNIDAD JUDICIAL CIVIL CON SEDE EN LA PARROQUIA QUITUMBE DEL DISTRITO METROPOLITANO DE QUITO, PROVINCIA DE PICHINCHA
												Ciudad: QUITO                                             
												"
17240,"Dependencia jurisdiccional: TRIBUNAL DE GARANTÍAS PENALES CON SEDE EN LA PARROQUIA QUITUMBE DEL DISTRITO METROPOLITANO DE QUITO, PROVINCIA DE PICHINCHA
												Ciudad: QUITO                                             
												"
17250,"Dependencia jurisdiccional: SALA ESPECIALIZADA DE LO CIVIL Y MERCANTIL DE LA CORTE PROVINCIAL DE JUSTICIA DE PICHINCHA
												Ciudad: QUITO                                             
												"
17267,"Dependencia jurisdiccional: UNIDAD JUDICIAL MULTICOMPETENTE CON SEDE EN EL CANTÓN PEDRO VICENTE MALDONADO, PROVINCIA DE PICHINCHA
												Ciudad: PEDRO VICENTE MALDONADO                           
												"
17282,"Dependencia jurisdiccional: UNIDAD JUDICIAL PENAL CON COMPETENCIA EN INFRACCIONES FLAGRANTES, CON SEDE EN LA PARROQUIA MARISCAL SUCRE DEL DISTRITO METROPOLITANO DE QUITO
												Ciudad: QUITO                                             
												"
17283,"Dependencia jurisdiccional: UNIDAD JUDICIAL PENAL CON COMPETENCIA EN INFRACCIONES FLAGRANTES CON SEDE EN LA PARROQUIA QUITUMBE DEL DISTRITO METROPOLITANO DE QUITO, PROVINCIA DE PICHINCHA
												Ciudad: QUITO                                             
												"
17291,"Dependencia jurisdiccional: UNIDAD JUDICIAL DE LO PENAL DEL CANTÓN CAYAMBE
												Ciudad: CAYAMBE                                           
												"
17292,"Dependencia jurisdiccional: UNIDAD JUDICIAL MULTICOMPETENTE PENAL DEL CANTÓN MEJÍA
												Ciudad: MEJIA                                             
												"
17293,"Dependencia jurisdiccional: UNIDAD JUDICIAL DE LO PENAL DEL CANTÓN RUMIÑAHUI
												Ciudad: RUMIÑAHUI                                         
												"
17294,"Dependencia jurisdiccional: UNIDAD JUDICIAL PENAL CON SEDE EN LA PARROQUIA IÑAQUITO DEL DISTRITO METROPOLITANO DE QUITO, PROVINCIA DE PICHINCHA
												Ciudad: QUITO                                             
												"
17295,"Dependencia jurisdiccional: UNIDAD JUDICIAL PENAL CON SEDE EN LA PARROQUIA CARCELEN DEL DISTRITO METROPOLITANO DE QUITO, PROVINCIA DE PICHINCHA
												Ciudad: QUITO                                             
												"
17296,"Dependencia jurisdiccional: UNIDAD JUDICIAL PENAL CON SEDE EN LA PARROQUIA CALDERON DEL DISTRITO METROPOLITANO DE QUITO, PROVINCIA DE PICHINCHA
												Ciudad: QUITO                                             
												"
17297,"Dependencia jurisdiccional: UNIDAD JUDICIAL PENAL CON SEDE EN LA PARROQUIA QUITUMBE DEL DISTRITO METROPOLITANO DE QUITO, PROVINCIA DE PICHINCHA
												Ciudad: QUITO                                             
												"
17314,"Dependencia jurisdiccional: UNIDAD JUDICIAL CIVIL DEL CANTÓN CAYAMBE
												Ciudad: CAYAMBE                                           
												"
17315,"Dependencia jurisdiccional: UNIDAD JUDICIAL MULTICOMPETENTE CIVIL CON SEDE EN EL CANTÓN MEJÍA, PROVINCIA DE PICHINCHA
												Ciudad: MEJIA                                             
												"
17316,"Dependencia jurisdiccional: UNIDAD JUDICIAL MULTICOMPETENTE CON SEDE EN EL CANTÓN PEDRO MONCAYO, PROVINCIA DE PICHINCHA
												Ciudad: PEDRO MONCAYO                                     
												"
17317,No se encuentra
17322,"Dependencia jurisdiccional: UNIDAD JUDICIAL MULTICOMPETENTE CON SEDE EN EL CANTÓN SAN MIGUEL DE LOS BANCOS, PROVINCIA DE PICHINCHA
												Ciudad: SAN MIGUEL DE LOS BANCOS                          
												"
17371,"Dependencia jurisdiccional: UNIDAD JUDICIAL DE TRABAJO CON SEDE EN LA PARROQUIA IÑAQUITO DEL DISTRITO METROPOLITANO DE QUITO, PROVINCIA DE PICHINCHA
												Ciudad: QUITO                                             
												"
17460,"Dependencia jurisdiccional: UNIDAD JUDICIAL DE TRÁNSITO CON SEDE EN EL DISTRITO METROPOLITANO DE QUITO, PROVINCIA
												Ciudad: QUITO                                             
												"
17510,"Dependencia jurisdiccional: TRIBUNAL DISTRITAL DE LO CONTENCIOSO TRIBUTARIO CON SEDE EN EL DISTRITO METROPOLITANO DE QUITO, PROVINCIA DE PICHINCHA
												Ciudad: QUITO                                             
												"
17552,No se encuentra
17571,"Dependencia jurisdiccional: UNIDAD JUDICIAL DE VIOLENCIA CONTRA LA MUJER Y LA FAMILIA - 1
												Ciudad: QUITO                                             
												"
17572,No se encuentra
17573,No se encuentra
17574,No se encuentra
17575,No se encuentra
17576,No se encuentra
17731,"Dependencia jurisdiccional: SALA ESPECIALIZADA DE LO LABORAL DE LA CORTE NACIONAL DE JUSTICIA
												Ciudad: QUITO                                             
												"
17811,"Dependencia jurisdiccional: TRIBUNAL DISTRITAL DE LO CONTENCIOSO ADMINISTRATIVO CON SEDE EN EL DISTRITO METROPOLITANO DE QUITO, PROVINCIA DE PICHINCHA
												Ciudad: QUITO                                             
												"
17952,"Dependencia jurisdiccional: UNIDAD JUDICIAL DE FAMILIA, MUJER, NIÑEZ  y ADOLESCENCIA CON SEDE EN LA PARROQUIA IÑAQUITO DEL DISTRITO METROPOLITANO DE QUITO, PROVINCIA DE PICHINCHA
												Ciudad: QUITO                                             
												"
17955,No se encuentra
17957,No se encuentra
17958,No se encuentra
17959,No se encuentra
17961,No se encuentra
17981,"Dependencia jurisdiccional: UNIDAD JUDICIAL DE FAMILIA, MUJER, NIÑEZ Y ADOLESCENCIA CON SEDE EN LA PARROQUIA QUITUMBE DEL DISTRITO METROPOLITANO DE QUITO, PROVINCIA DE PICHINCHA
												Ciudad: QUITO                                             
												"
17983,"Dependencia jurisdiccional: UNIDAD JUDICIAL DE FAMILIA, MUJER, NIÑEZ Y ADOLESCENCIA CON SEDE EN LA PARROQUIA CARCELÉN DEL D.M.Q.
												Ciudad: QUITO                                             
												"
17984,No se encuentra
17985,"Dependencia jurisdiccional: UNIDAD JUDICIAL DE FAMILIA, MUJER, NIÑEZ  Y ADOLESCENCIA CON SEDE EN LA PARROQUIA TUMBACO DEL DISTRITO  METROPOLITANO DE QUITO, PROVINCIA DE PICHINCHA
												Ciudad: QUITO                                             
												"
17986,"Dependencia jurisdiccional: UNIDAD JUDICIAL DE FAMILIA, MUJER, NIÑEZ  Y ADOLESCENCIA CON SEDE EN LA PARROQUIA CALDERON DEL DISTRITO METROPOLITANO DE QUITO, PROVINCIA DE PICHINCHA
												Ciudad: QUITO                                             
												"
17U01,"Dependencia jurisdiccional: UNIDAD JUDICIAL DE MEDIDAS DE PROTECCION Y DESESTIMACIONES CON SEDE EN EL DMQ
												Ciudad: QUITO                                             
												"
18151,"Dependencia jurisdiccional: UNIDAD JUDICIAL PENAL CON SEDE EN EL CANTÓN AMBATO
												Ciudad: AMBATO                                            
												"
18171,"Dependencia jurisdiccional: TRIBUNAL DE GARANTÍAS PENALES CON SEDE EN EL CANTÓN AMBATO DE LA PROVINCIA DE TUNGURAHUA
												Ciudad: AMBATO                                            
												"
18201,No se encuentra
18202,"Dependencia jurisdiccional: UNIDAD JUDICIAL DE FAMILIA , MUJER,  NIÑEZ Y ADOLESCENCIA  CON SEDE EN EL CANTÓN AMBATO
												Ciudad: AMBATO                                            
												"
18281,No se encuentra
18282,"Dependencia jurisdiccional: UNIDAD JUDICIAL PENAL CON SEDE EN EL CANTÓN AMBATO
												Ciudad: AMBATO                                            
												"
18283,No se encuentra
18331,"Dependencia jurisdiccional: UNIDAD JUDICIAL MULTICOMPETENTE CON SEDE EN EL CANTÓN BAÑOS, PROVINCIA DE TUNGURAHUA
												Ciudad: BAÑOS DE AGUA SANTA                               
												"
18332,"Dependencia jurisdiccional: UNIDAD JUDICIAL MULTICOMPETENTE CON SEDE EN EL CANTON PELILEO, PROVINCIA DE TUNGURAHUA
												Ciudad: SAN PEDRO DE PELILEO                              
												"
18333,"Dependencia jurisdiccional: UNIDAD JUDICIAL MULTICOMPETENTE CON SEDE EN EL CANTON PILLARO
												Ciudad: SANTIAGO DE PILLARO                               
												"
18334,"Dependencia jurisdiccional: UNIDAD JUDICIAL CIVIL CON SEDE EN EL CANTÓN AMBATO
												Ciudad: AMBATO                                            
												"
18335,"Dependencia jurisdiccional: UNIDAD JUDICIAL MULTICOMPETENTE CON SEDE EN EL CANTÓN QUERO
												Ciudad: QUERO                                             
												"
18371,"Dependencia jurisdiccional: UNIDAD JUDICIAL DE TRABAJO CON SEDE EN EL CANTÓN AMBATO
												Ciudad: AMBATO                                            
												"
18461,"Dependencia jurisdiccional: UNIDAD JUDICIAL DE TRÁNSITO CON SEDE EN EL CANTÓN AMBATO
												Ciudad: AMBATO                                            
												"
18571,No se encuentra
18803,"Dependencia jurisdiccional: TRIBUNAL DISTRITAL DE LO CONTENCIOSO ADMINISTRATIVO CON SEDE EN EL DISTRITO METROPOLITANO DE QUITO, PROVINCIA DE PICHINCHA
												Ciudad: QUITO                                             
												"
19254,"Dependencia jurisdiccional: UNIDAD JUDICIAL MULTICOMPETENTE PENAL CON SEDE EN EL CANTÓN YANTZAZA, PROVINCIA
												Ciudad: YANTZAZA                                          
												"
19281,"Dependencia jurisdiccional: UNIDAD JUDICIAL MULTICOMPETENTE PENAL CON SEDE EN EL CANTÓN ZAMORA, PROVINCIA
												Ciudad: ZAMORA                                            
												"
19303,"Dependencia jurisdiccional: UNIDAD JUDICIAL MULTICOMPETENTE CON SEDE EN EL CANTÓN CHINCHIPE, PROVINCIA
												Ciudad: CHINCHIPE                                         
												"
19304,"Dependencia jurisdiccional: UNIDAD JUDICIAL MULTICOMPETENTE CON SEDE EN EL CANTÓN CENTINELA DEL CONDOR, PROVINCIA
												Ciudad: CENTINELA DEL CONDOR                              
												"
19331,"Dependencia jurisdiccional: UNIDAD JUDICIAL MULTICOMPETENTE CIVIL CON SEDE EN EL CANTÓN YANTZAZA, PROVINCIA
												Ciudad: YANTZAZA                                          
												"
19332,"Dependencia jurisdiccional: UNIDAD JUDICIAL MULTICOMPETENTE CIVIL CON SEDE EN EL CANTÓN ZAMORA, PROVINCIA
												Ciudad: ZAMORA                                            
												"
19571,No se encuentra
20331,"Dependencia jurisdiccional: UNIDAD JUDICIAL MULTICOMPETENTE CON SEDE EN EL CANTÓN SAN CRISTOBAL
												Ciudad: SAN CRISTOBAL                                     
												"
20332,"Dependencia jurisdiccional: UNIDAD JUDICIAL MULTICOMPETENTE CON SEDE EN EL CANTÓN SANTA CRUZ
												Ciudad: SANTA CRUZ                                        
												"
21201,"Dependencia jurisdiccional: UNIDAD JUDICIAL FAMILIA, MUJER, NIÑEZ Y ADOLESCENCIA CON SEDE CANTÓN  LAGO AGRIO DE LA PROVINCIA DE SUCUMBIOS
												Ciudad: LAGO AGRIO                                        
												"
21282,"Dependencia jurisdiccional: UNIDAD JUDICIAL MULTICOMPETENTE PENAL CON SEDE EN EL CANTÓN LAGO AGRIO, PROVINCIA DE SUCUMBIOS
												Ciudad: LAGO AGRIO                                        
												"
21331,"Dependencia jurisdiccional: UNIDAD JUDICIAL CIVIL CON SEDE EN EL CANTÓN LAGO AGRIO, PROVINCIA DE SUCUMBIOS
												Ciudad: LAGO AGRIO                                        
												"
21332,"Dependencia jurisdiccional: UNIDAD JUDICIAL MULTICOMPETENTE CON SEDE EN EL CANTÓN SHUSHUFINDI, PROVINCIA DE SUCUMBIOS
												Ciudad: SHUSHUFINDI                                       
												"
21333,"Dependencia jurisdiccional: UNIDAD JUDICIAL MULTICOMPETENTE CON SEDE EN EL CANTÓN GONZALO PIZARRO, DE LA PROVINCIA DE SUCUMBIOS
												Ciudad: GONZALO PIZARRO                                   
												"
21334,"Dependencia jurisdiccional: UNIDAD JUDICIAL MULTICOMPETENTE CON SEDE EN EL CANTÓN CUYABENO DE LA PROVINCIA DE SUCUMBIOS
												Ciudad: TARAPOA                                           
												"
21371,"Dependencia jurisdiccional: UNIDAD JUDICIAL DE TRABAJO CON SEDE EN EL CANTÓN LAGO AGRIO, PROVINCIA DE  SUCUMBIOS
												Ciudad: LAGO AGRIO                                        
												"
21U01,No se encuentra
22100,"Dependencia jurisdiccional: PRESIDENCIA
												Ciudad: ORELLANA                                          
												"
22111,"Dependencia jurisdiccional: SALA MULTICOMPETENTE DE LA CORTE PROVINCIAL DE JUSTICIA DE ORELLANA
												Ciudad: ORELLANA                                          
												"
22201,"Dependencia jurisdiccional: UNIDAD JUDICIAL DE FAMILIA, MUJER, NIÑEZ Y ADOLESCENCIA CON SEDE EN EL  CANTÓN FRANCISCO
												Ciudad: ORELLANA                                          
												"
22252,"Dependencia jurisdiccional: UNIDAD JUDICIAL MULTICOMPETENTE PENAL CON SEDE EN EL CANTÓN LA JOYA DE LOS SACHAS.
												Ciudad: LA JOYA DE LOS SACHAS                             
												"
22281,"Dependencia jurisdiccional: UNIDAD JUDICIAL MULTICOMPETENTE PENAL CON SEDE EN EL CANTÓN FRANCISCO, PROVINCIA
												Ciudad: ORELLANA                                          
												"
22301,"Dependencia jurisdiccional: UNIDAD JUDICIAL CIVIL CON SEDE EN EL CANTÓN FCO. DE ORELLANA
												Ciudad: ORELLANA                                          
												"
22302,"Dependencia jurisdiccional: UNIDAD JUDICIAL MULTICOMPETENTE CIVIL CON SEDE EN EL CANTÓN LA JOYA DE LOS SACHAS.
												Ciudad: LA JOYA DE LOS SACHAS                             
												"
22303,"Dependencia jurisdiccional: UNIDAD JUDICIAL MULTICOMPETENTE CON SEDE EN EL  CANTÓN LORETO.
												Ciudad: LORETO                                            
												"
22U01,"Dependencia jurisdiccional: UNIDAD JUDICIAL ESPECIALIZADA DE VIOLENCIA CONTRA LA MUJER O MIEMBROS DEL NUCLEO FAMILIAR CON SEDE EN EL CANTON FRANCISCO DE ORELLANA, PROVINCIA DE ORELLANA
												Ciudad: ORELLANA                                          
												"
23201,"Dependencia jurisdiccional: UNIDAD JUDICIAL DE FAMILIA, MUJER, NIÑEZ Y ADOLESCENCIA Y ADOLESCENTES INFRACTORES DEL CANTÓN SANTO DOMINGO
												Ciudad: SANTO DOMINGO                                     
												"
23281,"Dependencia jurisdiccional: UNIDAD JUDICIAL PENAL CON SEDE EN EL CANTÓN SANTO DOMINGO, PROVINCIA DE SANTO DOMINGO DE LOS TSACHILAS
												Ciudad: SANTO DOMINGO                                     
												"
23303,"Dependencia jurisdiccional: UNIDAD JUDICIAL MULTICOMPETENTE CON SEDE EN EL CANTÓN LA CONCORDIA
												Ciudad: LA CONCORDIA                                      
												"
23331,"Dependencia jurisdiccional: UNIDAD JUDICIAL CIVIL  CON SEDE EN EL CANTÓN SANTO DOMINGO, PROVINCIA DE SANTO DOMINGO DE LOS TSACHILAS
												Ciudad: SANTO DOMINGO                                     
												"
23571,No se encuentra
24201,"Dependencia jurisdiccional: UNIDAD JUDICIAL DE FAMILIA, MUJER NIÑEZ Y ADOLESCENCIA CON SEDE EN EL CANTÓN SANTA ELENA, DE LA PROVINCIA DE SANTA ELENA
												Ciudad: SANTA ELENA                                       
												"
24202,"Dependencia jurisdiccional: UNIDAD JUDICIAL MULTICOMPETENTE CON SEDE EN LA PARROQUIA MANGLARALTO DEL CANTÓN SANTA ELENA ,  PROVINCIA DE SANTA ELENA
												Ciudad: SANTA ELENA                                       
												"
24281,"Dependencia jurisdiccional: UNIDAD JUDICIAL PENAL CON SEDE EN EL CANTÓN LA LIBERTAD, PROVINCIA DE SANTA ELENA
												Ciudad: LA LIBERTAD                                       
												"
24331,"Dependencia jurisdiccional: UNIDAD JUDICIAL CIVIL CON SEDE EN EL CANTÓN SANTA ELENA, PROVINCIA DE SANTA ELENA
												Ciudad: SANTA ELENA                                       
												"
24571,No se encuentra
